	BestCall	StromalScore	ImmuneScore	ESTIMATEScore	ssgsea_rna_c4	ssgsea_rna_c3	ssgsea_rna_c2	ImmuneClustC4
C01CO005	Wound_Healing	False	False	False	0_c4	1_c3	0_c2	ImmuneCool
C01CO006	Inflammatory	True	True	True	3_c4	0_c3	1_c2	ImmuneHot
C01CO008	Inflammatory	False	True	False	0_c4	1_c3	0_c2	ImmuneCool
C01CO013	Wound_Healing	False	True	True	1_c4	0_c3	1_c2	ImmuneWarm
C01CO014	IFN-Gamma	False	True	True	1_c4	0_c3	1_c2	ImmuneWarm
C01CO015	Lymphocyte_Depleted	False	True	True	1_c4	0_c3	1_c2	ImmuneWarm
C01CO019	Wound_Healing	False	True	False	0_c4	1_c3	0_c2	ImmuneCool
C01CO022	Lymphocyte_Depleted	False	True	False	0_c4	1_c3	0_c2	ImmuneCool
C01OV007	IFN-Gamma	True	True	True	1_c4	0_c3	1_c2	ImmuneWarm
C01OV017	Lymphocyte_Depleted	False	True	True	0_c4	1_c3	0_c2	ImmuneCool
C01OV018	IFN-Gamma	True	True	True	1_c4	0_c3	1_c2	ImmuneWarm
C01OV023	Lymphocyte_Depleted	True	True	True	0_c4	1_c3	0_c2	ImmuneCool
C01OV026	IFN-Gamma	True	True	True	1_c4	0_c3	1_c2	ImmuneWarm
C01OV030	Inflammatory	False	False	False	2_c4	2_c3	0_c2	ImmuneCold
C01OV039	IFN-Gamma	False	True	False	0_c4	1_c3	0_c2	ImmuneCool
C01OV041	TGF-Beta	True	True	True	0_c4	1_c3	0_c2	ImmuneCool
C01OV047	Lymphocyte_Depleted	True	True	True	0_c4	1_c3	0_c2	ImmuneCool
C02OV005	Lymphocyte_Depleted	True	True	True	0_c4	1_c3	0_c2	ImmuneCool
C02OV006	Lymphocyte_Depleted	True	True	True	1_c4	0_c3	1_c2	ImmuneWarm
C02OV008	Lymphocyte_Depleted	False	True	False	2_c4	2_c3	0_c2	ImmuneCold
C02OV015	IFN-Gamma	False	True	False	0_c4	1_c3	0_c2	ImmuneCool
C02OV022	Lymphocyte_Depleted	False	True	True	0_c4	1_c3	0_c2	ImmuneCool
C02OV023	Lymphocyte_Depleted	False	True	True	0_c4	1_c3	0_c2	ImmuneCool
C02OV029	IFN-Gamma	False	True	False	0_c4	1_c3	0_c2	ImmuneCool
C02OV032	IFN-Gamma	True	True	True	1_c4	0_c3	1_c2	ImmuneWarm
C02OV036	IFN-Gamma	False	True	True	0_c4	1_c3	0_c2	ImmuneCool
C02OV041	IFN-Gamma	False	True	False	0_c4	1_c3	0_c2	ImmuneCool
C02OV044	Lymphocyte_Depleted	False	True	False	2_c4	2_c3	0_c2	ImmuneCold
C02OV046	IFN-Gamma	False	True	True	0_c4	1_c3	0_c2	ImmuneCool
C04OV001	IFN-Gamma	True	False	False	0_c4	1_c3	0_c2	ImmuneCool
C04OV004	IFN-Gamma	False	True	True	1_c4	0_c3	1_c2	ImmuneWarm
C04OV005	TGF-Beta	True	True	True	0_c4	1_c3	0_c2	ImmuneCool
C04OV008	Lymphocyte_Depleted	True	True	True	0_c4	1_c3	0_c2	ImmuneCool
C04OV011	Wound_Healing	False	False	False	2_c4	2_c3	0_c2	ImmuneCold
C04OV012	IFN-Gamma	True	True	True	1_c4	0_c3	1_c2	ImmuneWarm
C04OV013	IFN-Gamma	False	False	False	0_c4	1_c3	0_c2	ImmuneCool
C04OV017	Lymphocyte_Depleted	False	False	False	2_c4	2_c3	0_c2	ImmuneCold
C04OV018	TGF-Beta	True	True	True	1_c4	0_c3	1_c2	ImmuneWarm
C04OV021	IFN-Gamma	True	True	True	1_c4	0_c3	1_c2	ImmuneWarm
C04OV023	IFN-Gamma	True	True	True	1_c4	0_c3	1_c2	ImmuneWarm
C04OV024	Lymphocyte_Depleted	False	False	False	0_c4	1_c3	0_c2	ImmuneCool
C04OV027	IFN-Gamma	True	True	True	1_c4	0_c3	1_c2	ImmuneWarm
C04OV028	Lymphocyte_Depleted	True	True	True	0_c4	1_c3	0_c2	ImmuneCool
C04OV031	IFN-Gamma	True	True	True	0_c4	1_c3	0_c2	ImmuneCool
C04OV033	IFN-Gamma	True	True	True	0_c4	1_c3	0_c2	ImmuneCool
C04OV036	IFN-Gamma	True	True	True	1_c4	0_c3	1_c2	ImmuneWarm
C04OV037	Lymphocyte_Depleted	False	True	True	0_c4	1_c3	0_c2	ImmuneCool
C04OV039	Wound_Healing	True	True	True	0_c4	1_c3	0_c2	ImmuneCool
C04OV040	IFN-Gamma	False	False	False	0_c4	1_c3	0_c2	ImmuneCool
C04OV044	IFN-Gamma	False	True	True	1_c4	0_c3	1_c2	ImmuneWarm
C04OV045	IFN-Gamma	True	True	True	0_c4	1_c3	0_c2	ImmuneCool
C04OV048	Lymphocyte_Depleted	False	True	True	1_c4	0_c3	1_c2	ImmuneWarm
C04OV049	IFN-Gamma	True	True	True	0_c4	1_c3	0_c2	ImmuneCool
C04OV050	Lymphocyte_Depleted	False	False	False	0_c4	1_c3	0_c2	ImmuneCool
C04OV051	IFN-Gamma	False	True	True	0_c4	1_c3	0_c2	ImmuneCool
C04OV053	IFN-Gamma	False	True	True	0_c4	1_c3	0_c2	ImmuneCool
C04OV054	IFN-Gamma	False	False	False	2_c4	2_c3	0_c2	ImmuneCold
C04OV055	IFN-Gamma	True	True	True	0_c4	1_c3	0_c2	ImmuneCool
C04OV057	IFN-Gamma	False	True	False	0_c4	1_c3	0_c2	ImmuneCool
C04OV058	IFN-Gamma	False	True	False	0_c4	1_c3	0_c2	ImmuneCool
C04OV063	IFN-Gamma	False	True	True	0_c4	1_c3	0_c2	ImmuneCool
C05CO002	Inflammatory	True	True	True	1_c4	0_c3	1_c2	ImmuneWarm
C05CO003	TGF-Beta	True	True	True	1_c4	0_c3	1_c2	ImmuneWarm
C05CO006	IFN-Gamma	False	True	True	1_c4	0_c3	1_c2	ImmuneWarm
C05CO011	IFN-Gamma	False	False	False	0_c4	1_c3	0_c2	ImmuneCool
C05CO015	IFN-Gamma	True	True	True	3_c4	0_c3	1_c2	ImmuneHot
C05CO020	Wound_Healing	True	True	True	1_c4	0_c3	1_c2	ImmuneWarm
C05CO026	Wound_Healing	False	True	False	0_c4	1_c3	0_c2	ImmuneCool
C05CO028	IFN-Gamma	False	True	True	1_c4	0_c3	1_c2	ImmuneWarm
C05CO029	IFN-Gamma	False	True	True	1_c4	0_c3	1_c2	ImmuneWarm
C05CO032	IFN-Gamma	True	True	True	3_c4	0_c3	1_c2	ImmuneHot
C05CO033	IFN-Gamma	True	True	True	3_c4	0_c3	1_c2	ImmuneHot
C05CO034	Lymphocyte_Depleted	True	True	True	1_c4	0_c3	1_c2	ImmuneWarm
C05CO035	Wound_Healing	True	True	True	0_c4	1_c3	0_c2	ImmuneCool
C05CO037	TGF-Beta	True	True	True	1_c4	0_c3	1_c2	ImmuneWarm
C05CO039	IFN-Gamma	False	True	False	1_c4	0_c3	1_c2	ImmuneWarm
C05CO041	IFN-Gamma	False	True	True	3_c4	0_c3	1_c2	ImmuneHot
C05CO044	Wound_Healing	False	False	False	0_c4	1_c3	0_c2	ImmuneCool
C05CO045	IFN-Gamma	True	True	True	3_c4	0_c3	1_c2	ImmuneHot
C05CO047	Lymphocyte_Depleted	False	False	False	0_c4	1_c3	0_c2	ImmuneCool
C05CO048	IFN-Gamma	True	True	True	1_c4	0_c3	1_c2	ImmuneWarm
C05CO049	IFN-Gamma	False	True	True	3_c4	0_c3	1_c2	ImmuneHot
C05CO050	Wound_Healing	False	True	False	1_c4	0_c3	1_c2	ImmuneWarm
C05CO053	IFN-Gamma	False	True	False	1_c4	0_c3	1_c2	ImmuneWarm
C05CO054	IFN-Gamma	False	True	False	1_c4	0_c3	1_c2	ImmuneWarm
C06CO001	Wound_Healing	False	True	False	0_c4	1_c3	0_c2	ImmuneCool
C06CO002	TGF-Beta	True	True	True	1_c4	0_c3	1_c2	ImmuneWarm
C09CO005	Inflammatory	False	True	True	0_c4	1_c3	0_c2	ImmuneCool
C09CO006	Lymphocyte_Depleted	False	True	True	1_c4	0_c3	1_c2	ImmuneWarm
C09CO008	IFN-Gamma	True	True	True	1_c4	0_c3	1_c2	ImmuneWarm
C09CO011	IFN-Gamma	False	True	True	1_c4	0_c3	1_c2	ImmuneWarm
C09CO013	Wound_Healing	False	True	True	0_c4	1_c3	0_c2	ImmuneCool
C09CO014	Inflammatory	True	True	True	3_c4	0_c3	1_c2	ImmuneHot
C09CO015	Wound_Healing	False	True	True	1_c4	0_c3	1_c2	ImmuneWarm
C09CO018	IFN-Gamma	True	True	True	3_c4	0_c3	1_c2	ImmuneHot
C09CO019	Wound_Healing	False	True	True	0_c4	1_c3	0_c2	ImmuneCool
C09CO022	IFN-Gamma	False	True	True	1_c4	0_c3	1_c2	ImmuneWarm
C11CO005	Inflammatory	True	True	True	3_c4	0_c3	1_c2	ImmuneHot
C11CO007	IFN-Gamma	False	True	True	3_c4	0_c3	1_c2	ImmuneHot
C11CO008	Lymphocyte_Depleted	True	True	True	1_c4	0_c3	1_c2	ImmuneWarm
C11CO010	IFN-Gamma	True	True	True	3_c4	0_c3	1_c2	ImmuneHot
C11CO018	IFN-Gamma	True	True	True	3_c4	0_c3	1_c2	ImmuneHot
C11CO019	TGF-Beta	True	True	True	1_c4	0_c3	1_c2	ImmuneWarm
C11CO020	Inflammatory	True	True	True	1_c4	0_c3	1_c2	ImmuneWarm
C11CO021	TGF-Beta	True	True	True	1_c4	0_c3	1_c2	ImmuneWarm
C11CO022	Wound_Healing	False	True	True	3_c4	0_c3	1_c2	ImmuneHot
C11CO027	IFN-Gamma	False	True	True	0_c4	1_c3	0_c2	ImmuneCool
C11CO030	IFN-Gamma	True	True	True	1_c4	0_c3	1_c2	ImmuneWarm
C11CO031	IFN-Gamma	True	True	True	3_c4	0_c3	1_c2	ImmuneHot
C11CO032	IFN-Gamma	False	True	True	1_c4	0_c3	1_c2	ImmuneWarm
C11CO033	TGF-Beta	True	True	True	3_c4	0_c3	1_c2	ImmuneHot
C11CO036	IFN-Gamma	True	True	True	3_c4	0_c3	1_c2	ImmuneHot
C11CO037	IFN-Gamma	True	True	True	1_c4	0_c3	1_c2	ImmuneWarm
C11CO039	IFN-Gamma	False	True	True	0_c4	1_c3	0_c2	ImmuneCool
C11CO042	Wound_Healing	False	True	False	0_c4	1_c3	0_c2	ImmuneCool
C11CO043	Wound_Healing	False	True	False	0_c4	1_c3	0_c2	ImmuneCool
C11CO044	IFN-Gamma	True	True	True	3_c4	0_c3	1_c2	ImmuneHot
C11CO045	IFN-Gamma	True	True	True	1_c4	0_c3	1_c2	ImmuneWarm
C11CO047	Wound_Healing	True	True	True	0_c4	1_c3	0_c2	ImmuneCool
C11CO048	Inflammatory	True	True	True	3_c4	0_c3	1_c2	ImmuneHot
C11CO051	IFN-Gamma	True	True	True	3_c4	0_c3	1_c2	ImmuneHot
C11CO052	IFN-Gamma	True	True	True	3_c4	0_c3	1_c2	ImmuneHot
C11CO053	IFN-Gamma	False	True	True	1_c4	0_c3	1_c2	ImmuneWarm
C11CO054	IFN-Gamma	False	True	True	3_c4	0_c3	1_c2	ImmuneHot
C11CO057	Wound_Healing	True	True	True	1_c4	0_c3	1_c2	ImmuneWarm
C11CO058	Wound_Healing	True	True	True	1_c4	0_c3	1_c2	ImmuneWarm
C11CO061	IFN-Gamma	True	True	True	3_c4	0_c3	1_c2	ImmuneHot
C11CO062	Wound_Healing	True	True	True	1_c4	0_c3	1_c2	ImmuneWarm
C11CO070	Lymphocyte_Depleted	True	True	True	3_c4	0_c3	1_c2	ImmuneHot
C11CO072	IFN-Gamma	True	True	True	1_c4	0_c3	1_c2	ImmuneWarm
C11CO077	Wound_Healing	True	True	True	1_c4	0_c3	1_c2	ImmuneWarm
C11CO079	Wound_Healing	False	False	False	0_c4	1_c3	0_c2	ImmuneCool
C11OV002	IFN-Gamma	True	True	True	3_c4	0_c3	1_c2	ImmuneHot
C13OV003	Lymphocyte_Depleted	False	True	True	0_c4	1_c3	0_c2	ImmuneCool
C14CO003	IFN-Gamma	False	True	True	1_c4	0_c3	1_c2	ImmuneWarm
C14CO005	IFN-Gamma	False	True	True	1_c4	0_c3	1_c2	ImmuneWarm
C14OV011	Wound_Healing	True	True	True	1_c4	0_c3	1_c2	ImmuneWarm
C15CO001	Wound_Healing	False	False	False	0_c4	1_c3	0_c2	ImmuneCool
C15CO002	Wound_Healing	True	True	True	3_c4	0_c3	1_c2	ImmuneHot
C15OV001	TGF-Beta	True	True	True	3_c4	0_c3	1_c2	ImmuneHot
C16CO002	Lymphocyte_Depleted	False	True	False	0_c4	1_c3	0_c2	ImmuneCool
C16CO003	Lymphocyte_Depleted	True	True	True	3_c4	0_c3	1_c2	ImmuneHot
C16CO006	IFN-Gamma	True	True	True	1_c4	0_c3	1_c2	ImmuneWarm
C16CO011	Inflammatory	True	True	True	1_c4	0_c3	1_c2	ImmuneWarm
C17OV001	IFN-Gamma	True	True	True	0_c4	1_c3	0_c2	ImmuneCool
C17OV002	Lymphocyte_Depleted	False	True	False	0_c4	1_c3	0_c2	ImmuneCool
C17OV010	IFN-Gamma	False	True	True	3_c4	0_c3	1_c2	ImmuneHot
C17OV011	Inflammatory	False	False	False	2_c4	2_c3	0_c2	ImmuneCold
C17OV013	Inflammatory	False	False	False	0_c4	1_c3	0_c2	ImmuneCool
C17OV014	IFN-Gamma	True	True	True	1_c4	0_c3	1_c2	ImmuneWarm
C17OV015	Inflammatory	True	True	True	0_c4	1_c3	0_c2	ImmuneCool
C17OV017	Lymphocyte_Depleted	False	True	False	2_c4	2_c3	0_c2	ImmuneCold
C17OV018	IFN-Gamma	True	True	True	0_c4	1_c3	0_c2	ImmuneCool
C17OV025	IFN-Gamma	False	True	True	1_c4	0_c3	1_c2	ImmuneWarm
C17OV027	IFN-Gamma	True	True	True	0_c4	1_c3	0_c2	ImmuneCool
C17OV028	Lymphocyte_Depleted	False	False	False	2_c4	2_c3	0_c2	ImmuneCold
C17OV029	Lymphocyte_Depleted	False	False	False	2_c4	2_c3	0_c2	ImmuneCold
C17OV030	IFN-Gamma	True	True	True	3_c4	0_c3	1_c2	ImmuneHot
C17OV033	Lymphocyte_Depleted	False	False	False	2_c4	2_c3	0_c2	ImmuneCold
C17OV036	IFN-Gamma	True	True	True	1_c4	0_c3	1_c2	ImmuneWarm
C17OV039	Lymphocyte_Depleted	True	True	True	0_c4	1_c3	0_c2	ImmuneCool
C17OV040	Inflammatory	True	True	True	3_c4	0_c3	1_c2	ImmuneHot
C18OV001	Lymphocyte_Depleted	False	False	False	2_c4	2_c3	0_c2	ImmuneCold
C20CO001	TGF-Beta	True	True	True	1_c4	0_c3	1_c2	ImmuneWarm
C20CO003	IFN-Gamma	True	True	True	3_c4	0_c3	1_c2	ImmuneHot
C20CO004	Wound_Healing	False	False	False	0_c4	1_c3	0_c2	ImmuneCool
C20CO007	Lymphocyte_Depleted	False	True	True	1_c4	0_c3	1_c2	ImmuneWarm
C20OV005	Lymphocyte_Depleted	False	False	False	2_c4	2_c3	0_c2	ImmuneCold
C21CO006	IFN-Gamma	True	True	True	3_c4	0_c3	1_c2	ImmuneHot
C21CO007	Lymphocyte_Depleted	False	True	True	0_c4	1_c3	0_c2	ImmuneCool
C22CO004	IFN-Gamma	False	True	True	1_c4	0_c3	1_c2	ImmuneWarm
C22CO006	IFN-Gamma	True	True	True	3_c4	0_c3	1_c2	ImmuneHot
C26OV002	Lymphocyte_Depleted	True	False	False	2_c4	2_c3	0_c2	ImmuneCold
C26OV008	Lymphocyte_Depleted	False	False	False	2_c4	2_c3	0_c2	ImmuneCold
C26OV009	Lymphocyte_Depleted	False	False	False	2_c4	2_c3	0_c2	ImmuneCold
C26OV011	IFN-Gamma	True	True	True	0_c4	1_c3	0_c2	ImmuneCool
C26OV013	IFN-Gamma	False	True	True	0_c4	1_c3	0_c2	ImmuneCool
C27CO004	Wound_Healing	True	True	True	1_c4	0_c3	1_c2	ImmuneWarm
C3L.00001	IFN-Gamma	True	True	True	1_c4	0_c3	1_c2	ImmuneWarm
C3L.00004	Inflammatory	True	True	True	1_c4	0_c3	1_c2	ImmuneWarm
C3L.00006.T	IFN-Gamma	False	False	False	0_c4	1_c3	0_c2	ImmuneCool
C3L.00008.T	Wound_Healing	False	False	False	0_c4	1_c3	0_c2	ImmuneCool
C3L.00009	TGF-Beta	True	True	True	1_c4	0_c3	1_c2	ImmuneWarm
C3L.00010	Lymphocyte_Depleted	True	True	True	3_c4	0_c3	1_c2	ImmuneHot
C3L.00011	Lymphocyte_Depleted	True	True	True	0_c4	1_c3	0_c2	ImmuneCool
C3L.00017.T	IFN-Gamma	True	True	True	1_c4	0_c3	1_c2	ImmuneWarm
C3L.00026	Lymphocyte_Depleted	False	True	True	1_c4	0_c3	1_c2	ImmuneWarm
C3L.00032.T	IFN-Gamma	False	True	False	0_c4	1_c3	0_c2	ImmuneCool
C3L.00079	Inflammatory	True	True	True	1_c4	0_c3	1_c2	ImmuneWarm
C3L.00080	IFN-Gamma	False	True	True	1_c4	0_c3	1_c2	ImmuneWarm
C3L.00081	Lymphocyte_Depleted	True	True	True	0_c4	1_c3	0_c2	ImmuneCool
C3L.00083	Inflammatory	True	True	True	3_c4	0_c3	1_c2	ImmuneHot
C3L.00088	Lymphocyte_Depleted	True	True	True	1_c4	0_c3	1_c2	ImmuneWarm
C3L.00090.T	Lymphocyte_Depleted	False	False	False	0_c4	1_c3	0_c2	ImmuneCool
C3L.00093	IFN-Gamma	True	True	True	3_c4	0_c3	1_c2	ImmuneHot
C3L.00094	IFN-Gamma	True	True	True	1_c4	0_c3	1_c2	ImmuneWarm
C3L.00095	Inflammatory	True	True	True	3_c4	0_c3	1_c2	ImmuneHot
C3L.00096	Lymphocyte_Depleted	True	True	True	1_c4	0_c3	1_c2	ImmuneWarm
C3L.00097	Lymphocyte_Depleted	True	True	True	0_c4	1_c3	0_c2	ImmuneCool
C3L.00098.T	IFN-Gamma	False	True	False	0_c4	1_c3	0_c2	ImmuneCool
C3L.00102.T	Inflammatory	True	True	True	1_c4	0_c3	1_c2	ImmuneWarm
C3L.00103	Lymphocyte_Depleted	True	True	True	1_c4	0_c3	1_c2	ImmuneWarm
C3L.00104	Lymphocyte_Depleted	False	False	False	2_c4	2_c3	0_c2	ImmuneCold
C3L.00136.T	Inflammatory	False	True	False	0_c4	1_c3	0_c2	ImmuneCool
C3L.00137.T	Wound_Healing	False	False	False	2_c4	2_c3	0_c2	ImmuneCold
C3L.00139.T	IFN-Gamma	False	False	False	2_c4	2_c3	0_c2	ImmuneCold
C3L.00140	Inflammatory	False	True	True	1_c4	0_c3	1_c2	ImmuneWarm
C3L.00143.T	IFN-Gamma	False	True	True	1_c4	0_c3	1_c2	ImmuneWarm
C3L.00144	IFN-Gamma	True	True	True	3_c4	0_c3	1_c2	ImmuneHot
C3L.00145.T	Inflammatory	False	False	False	0_c4	1_c3	0_c2	ImmuneCool
C3L.00156.T	Lymphocyte_Depleted	False	True	False	0_c4	1_c3	0_c2	ImmuneCool
C3L.00161.T	Wound_Healing	False	False	False	0_c4	1_c3	0_c2	ImmuneCool
C3L.00183	Inflammatory	True	True	True	0_c4	1_c3	0_c2	ImmuneCool
C3L.00189.T	TGF-Beta	True	True	True	1_c4	0_c3	1_c2	ImmuneWarm
C3L.00263	TGF-Beta	True	True	True	3_c4	0_c3	1_c2	ImmuneHot
C3L.00277.T	Inflammatory	True	True	True	0_c4	1_c3	0_c2	ImmuneCool
C3L.00279	TGF-Beta	True	True	True	3_c4	0_c3	1_c2	ImmuneHot
C3L.00358.T	IFN-Gamma	False	True	False	0_c4	1_c3	0_c2	ImmuneCool
C3L.00359	Lymphocyte_Depleted	False	True	False	0_c4	1_c3	0_c2	ImmuneCool
C3L.00360	Inflammatory	True	True	True	3_c4	0_c3	1_c2	ImmuneHot
C3L.00361.T	IFN-Gamma	False	False	False	2_c4	2_c3	0_c2	ImmuneCold
C3L.00362.T	Wound_Healing	False	False	False	0_c4	1_c3	0_c2	ImmuneCool
C3L.00365	Lymphocyte_Depleted	False	True	False	2_c4	2_c3	0_c2	ImmuneCold
C3L.00368	Inflammatory	True	True	True	1_c4	0_c3	1_c2	ImmuneWarm
C3L.00369	Lymphocyte_Depleted	False	True	True	0_c4	1_c3	0_c2	ImmuneCool
C3L.00401.T	TGF-Beta	True	True	True	3_c4	0_c3	1_c2	ImmuneHot
C3L.00412	Inflammatory	True	True	True	3_c4	0_c3	1_c2	ImmuneHot
C3L.00413.T	Wound_Healing	False	False	False	0_c4	1_c3	0_c2	ImmuneCool
C3L.00415	IFN-Gamma	False	True	True	1_c4	0_c3	1_c2	ImmuneWarm
C3L.00416	Inflammatory	True	True	True	3_c4	0_c3	1_c2	ImmuneHot
C3L.00418	Inflammatory	True	True	True	1_c4	0_c3	1_c2	ImmuneWarm
C3L.00422	Inflammatory	False	True	True	1_c4	0_c3	1_c2	ImmuneWarm
C3L.00445	Wound_Healing	True	True	True	0_c4	1_c3	0_c2	ImmuneCool
C3L.00447	Inflammatory	True	True	True	1_c4	0_c3	1_c2	ImmuneWarm
C3L.00448	Lymphocyte_Depleted	True	True	True	0_c4	1_c3	0_c2	ImmuneCool
C3L.00449.T	IFN-Gamma	False	True	True	0_c4	1_c3	0_c2	ImmuneCool
C3L.00510	IFN-Gamma	False	True	False	0_c4	1_c3	0_c2	ImmuneCool
C3L.00561	Inflammatory	True	True	True	3_c4	0_c3	1_c2	ImmuneHot
C3L.00563.T	Lymphocyte_Depleted	False	False	False	2_c4	2_c3	0_c2	ImmuneCold
C3L.00568	Wound_Healing	True	True	True	3_c4	0_c3	1_c2	ImmuneHot
C3L.00581	Inflammatory	True	True	True	1_c4	0_c3	1_c2	ImmuneWarm
C3L.00583	Inflammatory	True	True	True	1_c4	0_c3	1_c2	ImmuneWarm
C3L.00586.T	IFN-Gamma	False	True	False	0_c4	1_c3	0_c2	ImmuneCool
C3L.00589.T	TGF-Beta	True	True	True	1_c4	0_c3	1_c2	ImmuneWarm
C3L.00598.T	IFN-Gamma	True	True	True	1_c4	0_c3	1_c2	ImmuneWarm
C3L.00599.T	Wound_Healing	True	True	True	1_c4	0_c3	1_c2	ImmuneWarm
C3L.00601.T	Wound_Healing	False	False	False	0_c4	1_c3	0_c2	ImmuneCool
C3L.00603	IFN-Gamma	False	True	True	3_c4	0_c3	1_c2	ImmuneHot
C3L.00604	IFN-Gamma	True	True	True	1_c4	0_c3	1_c2	ImmuneWarm
C3L.00605.T	Wound_Healing	False	False	False	0_c4	1_c3	0_c2	ImmuneCool
C3L.00606	Lymphocyte_Depleted	False	True	True	0_c4	1_c3	0_c2	ImmuneCool
C3L.00607	Inflammatory	False	True	True	3_c4	0_c3	1_c2	ImmuneHot
C3L.00610	Lymphocyte_Depleted	True	True	True	0_c4	1_c3	0_c2	ImmuneCool
C3L.00622.T	TGF-Beta	True	True	True	1_c4	0_c3	1_c2	ImmuneWarm
C3L.00625.T	TGF-Beta	True	True	True	1_c4	0_c3	1_c2	ImmuneWarm
C3L.00640.T	IFN-Gamma	True	True	True	3_c4	0_c3	1_c2	ImmuneHot
C3L.00674	Lymphocyte_Depleted	True	True	True	0_c4	1_c3	0_c2	ImmuneCool
C3L.00677	Lymphocyte_Depleted	False	False	False	2_c4	2_c3	0_c2	ImmuneCold
C3L.00765	Inflammatory	True	True	True	1_c4	0_c3	1_c2	ImmuneWarm
C3L.00766	Inflammatory	True	True	True	1_c4	0_c3	1_c2	ImmuneWarm
C3L.00767.T	Wound_Healing	False	False	False	0_c4	1_c3	0_c2	ImmuneCool
C3L.00769.T	Wound_Healing	False	False	False	0_c4	1_c3	0_c2	ImmuneCool
C3L.00770.T	Lymphocyte_Depleted	False	False	False	0_c4	1_c3	0_c2	ImmuneCool
C3L.00771.T	Wound_Healing	True	True	True	0_c4	1_c3	0_c2	ImmuneCool
C3L.00780.T	Inflammatory	False	True	True	0_c4	1_c3	0_c2	ImmuneCool
C3L.00781.T	Wound_Healing	False	True	True	1_c4	0_c3	1_c2	ImmuneWarm
C3L.00790	Inflammatory	True	True	True	3_c4	0_c3	1_c2	ImmuneHot
C3L.00791	Lymphocyte_Depleted	True	True	True	1_c4	0_c3	1_c2	ImmuneWarm
C3L.00792	Lymphocyte_Depleted	False	True	True	1_c4	0_c3	1_c2	ImmuneWarm
C3L.00796	Lymphocyte_Depleted	True	True	True	1_c4	0_c3	1_c2	ImmuneWarm
C3L.00799	Inflammatory	True	True	True	1_c4	0_c3	1_c2	ImmuneWarm
C3L.00800	Inflammatory	True	True	True	3_c4	0_c3	1_c2	ImmuneHot
C3L.00812	Inflammatory	True	True	True	1_c4	0_c3	1_c2	ImmuneWarm
C3L.00813	Inflammatory	True	True	True	1_c4	0_c3	1_c2	ImmuneWarm
C3L.00814	Inflammatory	True	True	True	1_c4	0_c3	1_c2	ImmuneWarm
C3L.00817	Inflammatory	True	True	True	1_c4	0_c3	1_c2	ImmuneWarm
C3L.00819.T	IFN-Gamma	True	True	True	0_c4	1_c3	0_c2	ImmuneCool
C3L.00881.T	Inflammatory	True	True	True	3_c4	0_c3	1_c2	ImmuneHot
C3L.00893	Inflammatory	True	True	True	1_c4	0_c3	1_c2	ImmuneWarm
C3L.00902	Inflammatory	True	True	True	1_c4	0_c3	1_c2	ImmuneWarm
C3L.00904	IFN-Gamma	True	True	True	3_c4	0_c3	1_c2	ImmuneHot
C3L.00905.T	IFN-Gamma	False	False	False	0_c4	1_c3	0_c2	ImmuneCool
C3L.00907	Inflammatory	True	True	True	3_c4	0_c3	1_c2	ImmuneHot
C3L.00908	Inflammatory	True	True	True	3_c4	0_c3	1_c2	ImmuneHot
C3L.00910	Inflammatory	True	True	True	1_c4	0_c3	1_c2	ImmuneWarm
C3L.00913	IFN-Gamma	True	True	True	3_c4	0_c3	1_c2	ImmuneHot
C3L.00917	Inflammatory	True	True	True	3_c4	0_c3	1_c2	ImmuneHot
C3L.00918.T	IFN-Gamma	False	True	False	0_c4	1_c3	0_c2	ImmuneCool
C3L.00921.T	Wound_Healing	False	False	False	0_c4	1_c3	0_c2	ImmuneCool
C3L.00923	IFN-Gamma	True	True	True	3_c4	0_c3	1_c2	ImmuneHot
C3L.00927	IFN-Gamma	False	True	True	1_c4	0_c3	1_c2	ImmuneWarm
C3L.00928.T	IFN-Gamma	True	True	True	3_c4	0_c3	1_c2	ImmuneHot
C3L.00932.T	Wound_Healing	False	False	False	0_c4	1_c3	0_c2	ImmuneCool
C3L.00942.T	Inflammatory	False	True	False	0_c4	1_c3	0_c2	ImmuneCool
C3L.00946.T	IFN-Gamma	False	True	False	0_c4	1_c3	0_c2	ImmuneCool
C3L.00947.T	Inflammatory	False	True	False	0_c4	1_c3	0_c2	ImmuneCool
C3L.00949.T	Wound_Healing	False	False	False	0_c4	1_c3	0_c2	ImmuneCool
C3L.00961.T	IFN-Gamma	True	True	True	0_c4	1_c3	0_c2	ImmuneCool
C3L.00963.T	IFN-Gamma	False	True	False	0_c4	1_c3	0_c2	ImmuneCool
C3L.00965	Wound_Healing	False	True	True	1_c4	0_c3	1_c2	ImmuneWarm
C3L.00973	IFN-Gamma	True	True	True	3_c4	0_c3	1_c2	ImmuneHot
C3L.00977	IFN-Gamma	True	True	True	3_c4	0_c3	1_c2	ImmuneHot
C3L.00987	Wound_Healing	False	False	False	0_c4	1_c3	0_c2	ImmuneCool
C3L.00993	IFN-Gamma	False	True	False	0_c4	1_c3	0_c2	ImmuneCool
C3L.00994	IFN-Gamma	True	True	True	3_c4	0_c3	1_c2	ImmuneHot
C3L.00995	Wound_Healing	True	True	True	3_c4	0_c3	1_c2	ImmuneHot
C3L.00997	IFN-Gamma	True	True	True	1_c4	0_c3	1_c2	ImmuneWarm
C3L.00999	IFN-Gamma	True	True	True	3_c4	0_c3	1_c2	ImmuneHot
C3L.01000	IFN-Gamma	True	True	True	3_c4	0_c3	1_c2	ImmuneHot
C3L.01031.T	TGF-Beta	True	True	True	1_c4	0_c3	1_c2	ImmuneWarm
C3L.01036.T	TGF-Beta	False	True	True	0_c4	1_c3	0_c2	ImmuneCool
C3L.01037.T	TGF-Beta	True	True	True	1_c4	0_c3	1_c2	ImmuneWarm
C3L.01040	Lymphocyte_Depleted	False	False	False	2_c4	2_c3	0_c2	ImmuneCold
C3L.01043	Lymphocyte_Depleted	True	True	True	0_c4	1_c3	0_c2	ImmuneCool
C3L.01045	Lymphocyte_Depleted	False	True	False	2_c4	2_c3	0_c2	ImmuneCold
C3L.01046	Lymphocyte_Depleted	True	True	True	0_c4	1_c3	0_c2	ImmuneCool
C3L.01048	Lymphocyte_Depleted	False	False	False	2_c4	2_c3	0_c2	ImmuneCold
C3L.01049	IFN-Gamma	True	True	True	0_c4	1_c3	0_c2	ImmuneCool
C3L.01051.T	TGF-Beta	True	True	True	0_c4	1_c3	0_c2	ImmuneCool
C3L.01052.T	TGF-Beta	True	True	True	1_c4	0_c3	1_c2	ImmuneWarm
C3L.01053.T	TGF-Beta	True	True	True	1_c4	0_c3	1_c2	ImmuneWarm
C3L.01054.T	TGF-Beta	True	True	True	1_c4	0_c3	1_c2	ImmuneWarm
C3L.01061	Lymphocyte_Depleted	False	False	False	2_c4	2_c3	0_c2	ImmuneCold
C3L.01124.T	IFN-Gamma	True	True	True	1_c4	0_c3	1_c2	ImmuneWarm
C3L.01138	IFN-Gamma	False	True	True	1_c4	0_c3	1_c2	ImmuneWarm
C3L.01142	Lymphocyte_Depleted	True	True	True	0_c4	1_c3	0_c2	ImmuneCool
C3L.01146	Lymphocyte_Depleted	True	True	True	0_c4	1_c3	0_c2	ImmuneCool
C3L.01149	Lymphocyte_Depleted	False	False	False	2_c4	2_c3	0_c2	ImmuneCold
C3L.01154	Lymphocyte_Depleted	False	False	False	2_c4	2_c3	0_c2	ImmuneCold
C3L.01155	Lymphocyte_Depleted	False	True	False	2_c4	2_c3	0_c2	ImmuneCold
C3L.01156	Lymphocyte_Depleted	False	False	False	2_c4	2_c3	0_c2	ImmuneCold
C3L.01157	Lymphocyte_Depleted	False	True	True	2_c4	2_c3	0_c2	ImmuneCold
C3L.01237	IFN-Gamma	True	True	True	0_c4	1_c3	0_c2	ImmuneCool
C3L.01246.T	IFN-Gamma	True	False	False	0_c4	1_c3	0_c2	ImmuneCool
C3L.01248.T	Inflammatory	True	True	True	0_c4	1_c3	0_c2	ImmuneCool
C3L.01249.T	TGF-Beta	False	True	True	0_c4	1_c3	0_c2	ImmuneCool
C3L.01252.T	Inflammatory	False	True	True	0_c4	1_c3	0_c2	ImmuneCool
C3L.01256.T	Inflammatory	True	True	True	0_c4	1_c3	0_c2	ImmuneCool
C3L.01257.T	IFN-Gamma	False	True	True	1_c4	0_c3	1_c2	ImmuneWarm
C3L.01275.T	Wound_Healing	False	True	True	0_c4	1_c3	0_c2	ImmuneCool
C3L.01281	Inflammatory	True	True	True	1_c4	0_c3	1_c2	ImmuneWarm
C3L.01282.T	IFN-Gamma	False	True	False	0_c4	1_c3	0_c2	ImmuneCool
C3L.01283	Inflammatory	True	True	True	3_c4	0_c3	1_c2	ImmuneHot
C3L.01285	Wound_Healing	False	False	False	0_c4	1_c3	0_c2	ImmuneCool
C3L.01286	Inflammatory	False	True	True	0_c4	1_c3	0_c2	ImmuneCool
C3L.01287	Lymphocyte_Depleted	True	True	True	1_c4	0_c3	1_c2	ImmuneWarm
C3L.01288	Inflammatory	True	True	True	0_c4	1_c3	0_c2	ImmuneCool
C3L.01302	Inflammatory	True	True	True	1_c4	0_c3	1_c2	ImmuneWarm
C3L.01304.T	Inflammatory	False	True	False	0_c4	1_c3	0_c2	ImmuneCool
C3L.01307.T	IFN-Gamma	False	True	False	0_c4	1_c3	0_c2	ImmuneCool
C3L.01311.T	IFN-Gamma	False	True	True	0_c4	1_c3	0_c2	ImmuneCool
C3L.01312.T	IFN-Gamma	False	True	True	0_c4	1_c3	0_c2	ImmuneCool
C3L.01313	Lymphocyte_Depleted	True	True	True	0_c4	1_c3	0_c2	ImmuneCool
C3L.01327	Lymphocyte_Depleted	False	True	False	2_c4	2_c3	0_c2	ImmuneCold
C3L.01328.T	IFN-Gamma	True	True	True	1_c4	0_c3	1_c2	ImmuneWarm
C3L.01330	Lymphocyte_Depleted	True	True	True	1_c4	0_c3	1_c2	ImmuneWarm
C3L.01352	Lymphocyte_Depleted	True	True	True	0_c4	1_c3	0_c2	ImmuneCool
C3L.01453.T	Inflammatory	True	True	True	1_c4	0_c3	1_c2	ImmuneWarm
C3L.01455	IFN-Gamma	True	True	True	3_c4	0_c3	1_c2	ImmuneHot
C3L.01553	Lymphocyte_Depleted	True	True	True	0_c4	1_c3	0_c2	ImmuneCool
C3L.01557	Inflammatory	True	True	True	0_c4	1_c3	0_c2	ImmuneCool
C3L.01560	Inflammatory	True	True	True	3_c4	0_c3	1_c2	ImmuneHot
C3L.01598.T	TGF-Beta	True	True	True	1_c4	0_c3	1_c2	ImmuneWarm
C3L.01603	Inflammatory	True	True	True	1_c4	0_c3	1_c2	ImmuneWarm
C3L.01606	Wound_Healing	False	True	True	3_c4	0_c3	1_c2	ImmuneHot
C3L.01607	Inflammatory	True	True	True	3_c4	0_c3	1_c2	ImmuneHot
C3L.01632	Inflammatory	True	True	True	1_c4	0_c3	1_c2	ImmuneWarm
C3L.01637.T	TGF-Beta	True	True	True	1_c4	0_c3	1_c2	ImmuneWarm
C3L.01662.T	IFN-Gamma	True	True	True	0_c4	1_c3	0_c2	ImmuneCool
C3L.01663	TGF-Beta	True	True	True	1_c4	0_c3	1_c2	ImmuneWarm
C3L.01682	Inflammatory	True	True	True	3_c4	0_c3	1_c2	ImmuneHot
C3L.01683	Inflammatory	True	True	True	3_c4	0_c3	1_c2	ImmuneHot
C3L.01687.T	IFN-Gamma	True	True	True	1_c4	0_c3	1_c2	ImmuneWarm
C3L.01689.T	TGF-Beta	True	True	True	0_c4	1_c3	0_c2	ImmuneCool
C3L.01703.T	TGF-Beta	True	True	True	1_c4	0_c3	1_c2	ImmuneWarm
C3L.01744.T	IFN-Gamma	False	False	False	0_c4	1_c3	0_c2	ImmuneCool
C3L.01834	Lymphocyte_Depleted	True	True	True	0_c4	1_c3	0_c2	ImmuneCool
C3L.01836	Inflammatory	True	True	True	1_c4	0_c3	1_c2	ImmuneWarm
C3L.01838	Wound_Healing	True	True	True	1_c4	0_c3	1_c2	ImmuneWarm
C3L.01861	Inflammatory	True	True	True	3_c4	0_c3	1_c2	ImmuneHot
C3L.01862	IFN-Gamma	True	True	True	1_c4	0_c3	1_c2	ImmuneWarm
C3L.01882	Inflammatory	True	True	True	3_c4	0_c3	1_c2	ImmuneHot
C3L.01884	IFN-Gamma	False	True	True	1_c4	0_c3	1_c2	ImmuneWarm
C3L.01885	Inflammatory	True	True	True	1_c4	0_c3	1_c2	ImmuneWarm
C3L.01887	Lymphocyte_Depleted	False	False	False	2_c4	2_c3	0_c2	ImmuneCold
C3L.01889	Inflammatory	False	True	True	0_c4	1_c3	0_c2	ImmuneCool
C3L.01890	Inflammatory	True	True	True	1_c4	0_c3	1_c2	ImmuneWarm
C3L.01924	IFN-Gamma	True	True	True	3_c4	0_c3	1_c2	ImmuneHot
C3L.01925.T	Wound_Healing	False	False	False	2_c4	2_c3	0_c2	ImmuneCold
C3L.01971.T	TGF-Beta	True	True	True	1_c4	0_c3	1_c2	ImmuneWarm
C3L.02041	Lymphocyte_Depleted	False	True	True	0_c4	1_c3	0_c2	ImmuneCool
C3L.02109.T	Inflammatory	True	True	True	0_c4	1_c3	0_c2	ImmuneCool
C3L.02112.T	Inflammatory	True	True	True	3_c4	0_c3	1_c2	ImmuneHot
C3L.02115.T	Inflammatory	True	True	True	0_c4	1_c3	0_c2	ImmuneCool
C3L.02116.T	Inflammatory	True	True	True	3_c4	0_c3	1_c2	ImmuneHot
C3L.02118.T	IFN-Gamma	True	True	True	1_c4	0_c3	1_c2	ImmuneWarm
C3L.02127	IFN-Gamma	True	True	True	1_c4	0_c3	1_c2	ImmuneWarm
C3L.02130	Wound_Healing	True	True	True	3_c4	0_c3	1_c2	ImmuneHot
C3L.02163	Wound_Healing	False	False	False	0_c4	1_c3	0_c2	ImmuneCool
C3L.02164	Inflammatory	True	True	True	3_c4	0_c3	1_c2	ImmuneHot
C3L.02168	Wound_Healing	True	True	True	1_c4	0_c3	1_c2	ImmuneWarm
C3L.02170	IFN-Gamma	True	True	True	3_c4	0_c3	1_c2	ImmuneHot
C3L.02219	IFN-Gamma	True	True	True	3_c4	0_c3	1_c2	ImmuneHot
C3L.02345	TGF-Beta	True	True	True	1_c4	0_c3	1_c2	ImmuneWarm
C3L.02348	Inflammatory	True	True	True	3_c4	0_c3	1_c2	ImmuneHot
C3L.02349	IFN-Gamma	False	True	True	1_c4	0_c3	1_c2	ImmuneWarm
C3L.02350	Inflammatory	True	True	True	3_c4	0_c3	1_c2	ImmuneHot
C3L.02358	Wound_Healing	False	True	True	1_c4	0_c3	1_c2	ImmuneWarm
C3L.02365	Lymphocyte_Depleted	False	True	True	0_c4	1_c3	0_c2	ImmuneCool
C3L.02463.T	Inflammatory	True	True	True	1_c4	0_c3	1_c2	ImmuneWarm
C3L.02465	Lymphocyte_Depleted	True	True	True	0_c4	1_c3	0_c2	ImmuneCool
C3L.02504	Lymphocyte_Depleted	False	False	False	2_c4	2_c3	0_c2	ImmuneCold
C3L.02508	Inflammatory	True	True	True	3_c4	0_c3	1_c2	ImmuneHot
C3L.02542	Lymphocyte_Depleted	False	False	False	2_c4	2_c3	0_c2	ImmuneCold
C3L.02546	Wound_Healing	True	True	True	3_c4	0_c3	1_c2	ImmuneHot
C3L.02549	IFN-Gamma	False	True	True	3_c4	0_c3	1_c2	ImmuneHot
C3L.02552	TGF-Beta	True	True	True	3_c4	0_c3	1_c2	ImmuneHot
C3L.02604.T	IFN-Gamma	True	True	True	0_c4	1_c3	0_c2	ImmuneCool
C3L.02606.T	Wound_Healing	True	True	True	1_c4	0_c3	1_c2	ImmuneWarm
C3L.02610.T	IFN-Gamma	True	True	True	1_c4	0_c3	1_c2	ImmuneWarm
C3L.02613.T	IFN-Gamma	True	True	True	1_c4	0_c3	1_c2	ImmuneWarm
C3L.02617	IFN-Gamma	False	True	True	0_c4	1_c3	0_c2	ImmuneCool
C3L.02619	Wound_Healing	True	True	True	1_c4	0_c3	1_c2	ImmuneWarm
C3L.02621	IFN-Gamma	True	True	True	3_c4	0_c3	1_c2	ImmuneHot
C3L.02625	IFN-Gamma	True	True	True	3_c4	0_c3	1_c2	ImmuneHot
C3L.02627	IFN-Gamma	False	True	True	1_c4	0_c3	1_c2	ImmuneWarm
C3L.02629	IFN-Gamma	True	True	True	3_c4	0_c3	1_c2	ImmuneHot
C3L.02642	Lymphocyte_Depleted	False	True	False	2_c4	2_c3	0_c2	ImmuneCold
C3L.02646	Wound_Healing	False	True	True	1_c4	0_c3	1_c2	ImmuneWarm
C3L.02648	IFN-Gamma	True	True	True	1_c4	0_c3	1_c2	ImmuneWarm
C3L.02649	Wound_Healing	False	True	False	0_c4	1_c3	0_c2	ImmuneCool
C3L.02650	TGF-Beta	True	True	True	3_c4	0_c3	1_c2	ImmuneHot
C3L.02651	IFN-Gamma	True	True	True	3_c4	0_c3	1_c2	ImmuneHot
C3L.02660	Wound_Healing	True	True	True	3_c4	0_c3	1_c2	ImmuneHot
C3L.02665	IFN-Gamma	False	True	True	3_c4	0_c3	1_c2	ImmuneHot
C3L.02669	IFN-Gamma	True	True	True	1_c4	0_c3	1_c2	ImmuneWarm
C3L.02701.T	TGF-Beta	True	True	True	0_c4	1_c3	0_c2	ImmuneCool
C3L.02704	Lymphocyte_Depleted	False	True	False	2_c4	2_c3	0_c2	ImmuneCold
C3L.02705	Lymphocyte_Depleted	True	True	True	0_c4	1_c3	0_c2	ImmuneCool
C3L.02707	Lymphocyte_Depleted	False	True	False	2_c4	2_c3	0_c2	ImmuneCold
C3L.02708	Lymphocyte_Depleted	False	True	False	2_c4	2_c3	0_c2	ImmuneCold
C3L.02809.T	TGF-Beta	True	True	True	1_c4	0_c3	1_c2	ImmuneWarm
C3L.02890.T	IFN-Gamma	True	True	True	1_c4	0_c3	1_c2	ImmuneWarm
C3L.02891	IFN-Gamma	True	True	True	3_c4	0_c3	1_c2	ImmuneHot
C3L.02897.T	TGF-Beta	True	True	True	1_c4	0_c3	1_c2	ImmuneWarm
C3L.02899.T	TGF-Beta	True	True	True	1_c4	0_c3	1_c2	ImmuneWarm
C3L.02900	Lymphocyte_Depleted	False	True	True	2_c4	2_c3	0_c2	ImmuneCold
C3L.02951	IFN-Gamma	True	True	True	3_c4	0_c3	1_c2	ImmuneHot
C3L.02955	Lymphocyte_Depleted	True	True	True	0_c4	1_c3	0_c2	ImmuneCool
C3L.02963	TGF-Beta	True	True	True	3_c4	0_c3	1_c2	ImmuneHot
C3L.02964	IFN-Gamma	True	True	True	3_c4	0_c3	1_c2	ImmuneHot
C3L.02968	IFN-Gamma	True	True	True	3_c4	0_c3	1_c2	ImmuneHot
C3L.02969	IFN-Gamma	True	True	True	3_c4	0_c3	1_c2	ImmuneHot
C3L.02970	Lymphocyte_Depleted	False	False	False	2_c4	2_c3	0_c2	ImmuneCold
C3L.02984	Immunologically_Quiet	False	False	False	2_c4	2_c3	0_c2	ImmuneCold
C3L.03123.T	IFN-Gamma	True	True	True	3_c4	0_c3	1_c2	ImmuneHot
C3L.03260	Lymphocyte_Depleted	False	False	False	2_c4	2_c3	0_c2	ImmuneCold
C3L.03266	Lymphocyte_Depleted	False	True	False	2_c4	2_c3	0_c2	ImmuneCold
C3L.03272	IFN-Gamma	False	True	True	1_c4	0_c3	1_c2	ImmuneWarm
C3L.03356.T	IFN-Gamma	True	True	True	3_c4	0_c3	1_c2	ImmuneHot
C3L.03378	IFN-Gamma	True	True	True	1_c4	0_c3	1_c2	ImmuneWarm
C3L.03387	Lymphocyte_Depleted	False	True	False	2_c4	2_c3	0_c2	ImmuneCold
C3L.03388.T	IFN-Gamma	True	True	True	1_c4	0_c3	1_c2	ImmuneWarm
C3L.03390	Lymphocyte_Depleted	False	False	False	2_c4	2_c3	0_c2	ImmuneCold
C3L.03392	Lymphocyte_Depleted	True	True	True	0_c4	1_c3	0_c2	ImmuneCool
C3L.03394.T	Inflammatory	True	True	True	3_c4	0_c3	1_c2	ImmuneHot
C3L.03395.T	IFN-Gamma	True	True	True	1_c4	0_c3	1_c2	ImmuneWarm
C3L.03400	Lymphocyte_Depleted	True	True	True	0_c4	1_c3	0_c2	ImmuneCool
C3L.03405	Lymphocyte_Depleted	False	False	False	2_c4	2_c3	0_c2	ImmuneCold
C3L.03407	Lymphocyte_Depleted	True	True	True	0_c4	1_c3	0_c2	ImmuneCool
C3L.03628.T	IFN-Gamma	True	True	True	1_c4	0_c3	1_c2	ImmuneWarm
C3L.03630.T	IFN-Gamma	True	True	True	1_c4	0_c3	1_c2	ImmuneWarm
C3L.03632.T	Wound_Healing	True	True	True	1_c4	0_c3	1_c2	ImmuneWarm
C3L.03635.T	TGF-Beta	True	True	True	1_c4	0_c3	1_c2	ImmuneWarm
C3L.03639.T	IFN-Gamma	False	True	True	1_c4	0_c3	1_c2	ImmuneWarm
C3L.03678	IFN-Gamma	False	True	True	1_c4	0_c3	1_c2	ImmuneWarm
C3L.03681	Lymphocyte_Depleted	False	True	False	0_c4	1_c3	0_c2	ImmuneCool
C3L.03727	Lymphocyte_Depleted	False	True	True	0_c4	1_c3	0_c2	ImmuneCool
C3L.03728	Lymphocyte_Depleted	False	True	True	0_c4	1_c3	0_c2	ImmuneCool
C3L.03743.T	Wound_Healing	True	True	True	0_c4	1_c3	0_c2	ImmuneCool
C3L.03744	Lymphocyte_Depleted	False	True	True	2_c4	2_c3	0_c2	ImmuneCold
C3L.03748	Lymphocyte_Depleted	False	True	True	2_c4	2_c3	0_c2	ImmuneCold
C3L.03961	IFN-Gamma	True	True	True	3_c4	0_c3	1_c2	ImmuneHot
C3L.03962	Wound_Healing	False	False	False	0_c4	1_c3	0_c2	ImmuneCool
C3L.03963	IFN-Gamma	True	True	True	3_c4	0_c3	1_c2	ImmuneHot
C3L.03965	Wound_Healing	True	True	True	1_c4	0_c3	1_c2	ImmuneWarm
C3L.03968	Lymphocyte_Depleted	True	True	True	0_c4	1_c3	0_c2	ImmuneCool
C3L.04013	Wound_Healing	False	False	False	0_c4	1_c3	0_c2	ImmuneCool
C3L.04014	IFN-Gamma	False	True	True	1_c4	0_c3	1_c2	ImmuneWarm
C3L.04025	Wound_Healing	True	True	True	1_c4	0_c3	1_c2	ImmuneWarm
C3L.04027.T	TGF-Beta	True	True	True	3_c4	0_c3	1_c2	ImmuneHot
C3L.04071	IFN-Gamma	True	True	True	3_c4	0_c3	1_c2	ImmuneHot
C3L.04072.T	IFN-Gamma	False	True	True	0_c4	1_c3	0_c2	ImmuneCool
C3L.04080.T	Wound_Healing	True	True	True	1_c4	0_c3	1_c2	ImmuneWarm
C3L.04084	Lymphocyte_Depleted	False	False	False	2_c4	2_c3	0_c2	ImmuneCold
C3L.04354	Wound_Healing	True	True	True	3_c4	0_c3	1_c2	ImmuneHot
C3L.04391	IFN-Gamma	True	True	True	1_c4	0_c3	1_c2	ImmuneWarm
C3L.04473.T	TGF-Beta	True	True	True	3_c4	0_c3	1_c2	ImmuneHot
C3L.04475.T	TGF-Beta	True	True	True	1_c4	0_c3	1_c2	ImmuneWarm
C3L.04479.T	TGF-Beta	True	True	True	1_c4	0_c3	1_c2	ImmuneWarm
C3L.04495.T	TGF-Beta	True	True	True	1_c4	0_c3	1_c2	ImmuneWarm
C3L.04791	IFN-Gamma	True	True	True	3_c4	0_c3	1_c2	ImmuneHot
C3L.04844	IFN-Gamma	False	True	True	0_c4	1_c3	0_c2	ImmuneCool
C3L.04848.T	TGF-Beta	True	True	True	3_c4	0_c3	1_c2	ImmuneHot
C3L.04849	IFN-Gamma	False	True	True	1_c4	0_c3	1_c2	ImmuneWarm
C3L.04853.T	IFN-Gamma	True	True	True	1_c4	0_c3	1_c2	ImmuneWarm
C3N.00148	Inflammatory	True	True	True	1_c4	0_c3	1_c2	ImmuneWarm
C3N.00149	Lymphocyte_Depleted	True	True	True	0_c4	1_c3	0_c2	ImmuneCool
C3N.00150	Inflammatory	True	True	True	3_c4	0_c3	1_c2	ImmuneHot
C3N.00151.T	Wound_Healing	False	True	False	0_c4	1_c3	0_c2	ImmuneCool
C3N.00154	Inflammatory	True	True	True	3_c4	0_c3	1_c2	ImmuneHot
C3N.00167	IFN-Gamma	True	True	True	1_c4	0_c3	1_c2	ImmuneWarm
C3N.00168	Inflammatory	True	True	True	3_c4	0_c3	1_c2	ImmuneHot
C3N.00169	TGF-Beta	True	True	True	1_c4	0_c3	1_c2	ImmuneWarm
C3N.00175	Inflammatory	True	True	True	1_c4	0_c3	1_c2	ImmuneWarm
C3N.00177	Inflammatory	True	True	True	3_c4	0_c3	1_c2	ImmuneHot
C3N.00180	Wound_Healing	False	False	False	0_c4	1_c3	0_c2	ImmuneCool
C3N.00194	Inflammatory	True	True	True	1_c4	0_c3	1_c2	ImmuneWarm
C3N.00198.T	Inflammatory	True	True	True	3_c4	0_c3	1_c2	ImmuneHot
C3N.00199	IFN-Gamma	False	True	True	1_c4	0_c3	1_c2	ImmuneWarm
C3N.00200.T	Wound_Healing	True	False	False	0_c4	1_c3	0_c2	ImmuneCool
C3N.00203	IFN-Gamma	True	True	True	3_c4	0_c3	1_c2	ImmuneHot
C3N.00204	IFN-Gamma	False	True	False	0_c4	1_c3	0_c2	ImmuneCool
C3N.00211	IFN-Gamma	True	True	True	0_c4	1_c3	0_c2	ImmuneCool
C3N.00217	Inflammatory	False	True	True	1_c4	0_c3	1_c2	ImmuneWarm
C3N.00221	Wound_Healing	False	False	False	0_c4	1_c3	0_c2	ImmuneCool
C3N.00223	Inflammatory	True	True	True	3_c4	0_c3	1_c2	ImmuneHot
C3N.00242	Inflammatory	False	True	False	0_c4	1_c3	0_c2	ImmuneCool
C3N.00244	Lymphocyte_Depleted	True	True	True	1_c4	0_c3	1_c2	ImmuneWarm
C3N.00246	Inflammatory	False	True	True	0_c4	1_c3	0_c2	ImmuneCool
C3N.00247	IFN-Gamma	True	True	True	3_c4	0_c3	1_c2	ImmuneHot
C3N.00249.T	Wound_Healing	True	True	True	1_c4	0_c3	1_c2	ImmuneWarm
C3N.00293	IFN-Gamma	True	True	True	1_c4	0_c3	1_c2	ImmuneWarm
C3N.00294	IFN-Gamma	True	True	True	1_c4	0_c3	1_c2	ImmuneWarm
C3N.00295	IFN-Gamma	False	True	False	0_c4	1_c3	0_c2	ImmuneCool
C3N.00297	IFN-Gamma	False	True	True	1_c4	0_c3	1_c2	ImmuneWarm
C3N.00299	IFN-Gamma	False	True	True	3_c4	0_c3	1_c2	ImmuneHot
C3N.00302.T	IFN-Gamma	True	True	True	0_c4	1_c3	0_c2	ImmuneCool
C3N.00303.T	Inflammatory	True	True	True	3_c4	0_c3	1_c2	ImmuneHot
C3N.00305	Inflammatory	True	True	True	1_c4	0_c3	1_c2	ImmuneWarm
C3N.00306	IFN-Gamma	True	True	True	1_c4	0_c3	1_c2	ImmuneWarm
C3N.00307	IFN-Gamma	True	True	True	1_c4	0_c3	1_c2	ImmuneWarm
C3N.00310	Inflammatory	True	True	True	0_c4	1_c3	0_c2	ImmuneCool
C3N.00312	Inflammatory	True	True	True	1_c4	0_c3	1_c2	ImmuneWarm
C3N.00313	Inflammatory	False	True	False	0_c4	1_c3	0_c2	ImmuneCool
C3N.00314	Inflammatory	True	True	True	0_c4	1_c3	0_c2	ImmuneCool
C3N.00315	IFN-Gamma	False	True	True	3_c4	0_c3	1_c2	ImmuneHot
C3N.00317	Inflammatory	True	True	True	1_c4	0_c3	1_c2	ImmuneWarm
C3N.00320	Lymphocyte_Depleted	True	True	True	1_c4	0_c3	1_c2	ImmuneWarm
C3N.00321.T	IFN-Gamma	False	True	False	0_c4	1_c3	0_c2	ImmuneCool
C3N.00322.T	Wound_Healing	False	False	False	0_c4	1_c3	0_c2	ImmuneCool
C3N.00323.T	IFN-Gamma	False	False	False	0_c4	1_c3	0_c2	ImmuneCool
C3N.00324.T	Lymphocyte_Depleted	False	True	False	0_c4	1_c3	0_c2	ImmuneCool
C3N.00326.T	Lymphocyte_Depleted	False	False	False	0_c4	1_c3	0_c2	ImmuneCool
C3N.00328.T	IFN-Gamma	False	True	True	3_c4	0_c3	1_c2	ImmuneHot
C3N.00333.T	Lymphocyte_Depleted	True	True	True	0_c4	1_c3	0_c2	ImmuneCool
C3N.00334.T	Wound_Healing	False	False	False	0_c4	1_c3	0_c2	ImmuneCool
C3N.00335.T	IFN-Gamma	False	True	True	3_c4	0_c3	1_c2	ImmuneHot
C3N.00337.T	IFN-Gamma	False	False	False	0_c4	1_c3	0_c2	ImmuneCool
C3N.00339.T	IFN-Gamma	False	True	False	0_c4	1_c3	0_c2	ImmuneCool
C3N.00340.T	IFN-Gamma	False	True	True	1_c4	0_c3	1_c2	ImmuneWarm
C3N.00377.T	Wound_Healing	False	False	False	0_c4	1_c3	0_c2	ImmuneCool
C3N.00379.T	Inflammatory	False	True	False	0_c4	1_c3	0_c2	ImmuneCool
C3N.00380	Inflammatory	True	True	True	3_c4	0_c3	1_c2	ImmuneHot
C3N.00383.T	Wound_Healing	False	False	False	2_c4	2_c3	0_c2	ImmuneCold
C3N.00386.T	Lymphocyte_Depleted	False	False	False	0_c4	1_c3	0_c2	ImmuneCool
C3N.00388.T	Wound_Healing	False	False	False	0_c4	1_c3	0_c2	ImmuneCool
C3N.00389.T	Inflammatory	False	True	False	0_c4	1_c3	0_c2	ImmuneCool
C3N.00390	Inflammatory	True	True	True	3_c4	0_c3	1_c2	ImmuneHot
C3N.00433	IFN-Gamma	True	True	True	3_c4	0_c3	1_c2	ImmuneHot
C3N.00435	Inflammatory	True	True	True	3_c4	0_c3	1_c2	ImmuneHot
C3N.00436.T	TGF-Beta	True	True	True	1_c4	0_c3	1_c2	ImmuneWarm
C3N.00437	Inflammatory	True	True	True	3_c4	0_c3	1_c2	ImmuneHot
C3N.00491	Inflammatory	True	True	True	3_c4	0_c3	1_c2	ImmuneHot
C3N.00492	Lymphocyte_Depleted	False	False	False	2_c4	2_c3	0_c2	ImmuneCold
C3N.00494	Inflammatory	False	True	False	0_c4	1_c3	0_c2	ImmuneCool
C3N.00495	Inflammatory	True	True	True	1_c4	0_c3	1_c2	ImmuneWarm
C3N.00497	IFN-Gamma	True	True	True	3_c4	0_c3	1_c2	ImmuneHot
C3N.00498	IFN-Gamma	False	False	False	0_c4	1_c3	0_c2	ImmuneCool
C3N.00511.T	IFN-Gamma	True	True	True	1_c4	0_c3	1_c2	ImmuneWarm
C3N.00512.T	Inflammatory	True	True	True	3_c4	0_c3	1_c2	ImmuneHot
C3N.00513.T	TGF-Beta	True	True	True	1_c4	0_c3	1_c2	ImmuneWarm
C3N.00514.T	TGF-Beta	True	True	True	3_c4	0_c3	1_c2	ImmuneHot
C3N.00516.T	TGF-Beta	True	True	True	1_c4	0_c3	1_c2	ImmuneWarm
C3N.00517.T	TGF-Beta	True	True	True	1_c4	0_c3	1_c2	ImmuneWarm
C3N.00518.T	TGF-Beta	True	True	True	1_c4	0_c3	1_c2	ImmuneWarm
C3N.00519	IFN-Gamma	True	True	True	3_c4	0_c3	1_c2	ImmuneHot
C3N.00546	Inflammatory	True	True	True	3_c4	0_c3	1_c2	ImmuneHot
C3N.00547	IFN-Gamma	False	True	True	1_c4	0_c3	1_c2	ImmuneWarm
C3N.00549	Wound_Healing	False	False	False	0_c4	1_c3	0_c2	ImmuneCool
C3N.00550	TGF-Beta	False	True	True	1_c4	0_c3	1_c2	ImmuneWarm
C3N.00551	IFN-Gamma	True	True	True	1_c4	0_c3	1_c2	ImmuneWarm
C3N.00552	IFN-Gamma	True	True	True	1_c4	0_c3	1_c2	ImmuneWarm
C3N.00555	IFN-Gamma	False	True	True	1_c4	0_c3	1_c2	ImmuneWarm
C3N.00556	IFN-Gamma	True	True	True	3_c4	0_c3	1_c2	ImmuneHot
C3N.00559	IFN-Gamma	True	True	True	1_c4	0_c3	1_c2	ImmuneWarm
C3N.00560	IFN-Gamma	False	True	True	1_c4	0_c3	1_c2	ImmuneWarm
C3N.00572	IFN-Gamma	False	True	True	3_c4	0_c3	1_c2	ImmuneHot
C3N.00573	Inflammatory	True	True	True	1_c4	0_c3	1_c2	ImmuneWarm
C3N.00574	IFN-Gamma	True	True	True	1_c4	0_c3	1_c2	ImmuneWarm
C3N.00577	Inflammatory	True	True	True	0_c4	1_c3	0_c2	ImmuneCool
C3N.00578	TGF-Beta	True	True	True	1_c4	0_c3	1_c2	ImmuneWarm
C3N.00579	IFN-Gamma	True	True	True	3_c4	0_c3	1_c2	ImmuneHot
C3N.00580	IFN-Gamma	False	True	True	1_c4	0_c3	1_c2	ImmuneWarm
C3N.00646	Inflammatory	True	True	True	1_c4	0_c3	1_c2	ImmuneWarm
C3N.00661	Lymphocyte_Depleted	True	True	True	2_c4	2_c3	0_c2	ImmuneCold
C3N.00662	Lymphocyte_Depleted	False	False	False	2_c4	2_c3	0_c2	ImmuneCold
C3N.00663	Lymphocyte_Depleted	False	True	True	2_c4	2_c3	0_c2	ImmuneCold
C3N.00665	Lymphocyte_Depleted	False	True	True	0_c4	1_c3	0_c2	ImmuneCool
C3N.00704	IFN-Gamma	False	True	True	1_c4	0_c3	1_c2	ImmuneWarm
C3N.00709.T	IFN-Gamma	True	True	True	0_c4	1_c3	0_c2	ImmuneCool
C3N.00729.T	Wound_Healing	False	True	True	0_c4	1_c3	0_c2	ImmuneCool
C3N.00733	Inflammatory	True	True	True	1_c4	0_c3	1_c2	ImmuneWarm
C3N.00734.T	Wound_Healing	False	True	False	0_c4	1_c3	0_c2	ImmuneCool
C3N.00737	IFN-Gamma	True	True	True	3_c4	0_c3	1_c2	ImmuneHot
C3N.00738	Inflammatory	True	True	True	3_c4	0_c3	1_c2	ImmuneHot
C3N.00743.T	Wound_Healing	False	False	False	2_c4	2_c3	0_c2	ImmuneCold
C3N.00822	IFN-Gamma	False	True	False	0_c4	1_c3	0_c2	ImmuneCool
C3N.00825	IFN-Gamma	True	True	True	3_c4	0_c3	1_c2	ImmuneHot
C3N.00828	IFN-Gamma	False	True	True	1_c4	0_c3	1_c2	ImmuneWarm
C3N.00829	IFN-Gamma	False	True	True	0_c4	1_c3	0_c2	ImmuneCool
C3N.00831	Inflammatory	True	True	True	1_c4	0_c3	1_c2	ImmuneWarm
C3N.00832	Lymphocyte_Depleted	False	True	True	0_c4	1_c3	0_c2	ImmuneCool
C3N.00834	Inflammatory	True	True	True	1_c4	0_c3	1_c2	ImmuneWarm
C3N.00836.T	IFN-Gamma	True	True	True	3_c4	0_c3	1_c2	ImmuneHot
C3N.00846	IFN-Gamma	True	True	True	3_c4	0_c3	1_c2	ImmuneHot
C3N.00847.T	Wound_Healing	False	False	False	2_c4	2_c3	0_c2	ImmuneCold
C3N.00848.T	IFN-Gamma	False	False	False	0_c4	1_c3	0_c2	ImmuneCool
C3N.00850.T	IFN-Gamma	False	True	False	0_c4	1_c3	0_c2	ImmuneCool
C3N.00852	Inflammatory	False	True	True	1_c4	0_c3	1_c2	ImmuneWarm
C3N.00857	IFN-Gamma	False	True	False	0_c4	1_c3	0_c2	ImmuneCool
C3N.00858.T	Wound_Healing	False	False	False	0_c4	1_c3	0_c2	ImmuneCool
C3N.00866.T	Wound_Healing	False	False	False	0_c4	1_c3	0_c2	ImmuneCool
C3N.00871	Wound_Healing	True	True	True	0_c4	1_c3	0_c2	ImmuneCool
C3N.00880.T	IFN-Gamma	False	True	False	0_c4	1_c3	0_c2	ImmuneCool
C3N.00953	Lymphocyte_Depleted	True	True	True	1_c4	0_c3	1_c2	ImmuneWarm
C3N.00957.T	TGF-Beta	True	True	True	3_c4	0_c3	1_c2	ImmuneHot
C3N.00959	Inflammatory	False	True	True	1_c4	0_c3	1_c2	ImmuneWarm
C3N.01003.T	Wound_Healing	False	False	False	0_c4	1_c3	0_c2	ImmuneCool
C3N.01011.T	IFN-Gamma	True	True	True	3_c4	0_c3	1_c2	ImmuneHot
C3N.01012.T	IFN-Gamma	True	True	True	1_c4	0_c3	1_c2	ImmuneWarm
C3N.01016	IFN-Gamma	True	True	True	1_c4	0_c3	1_c2	ImmuneWarm
C3N.01017	Wound_Healing	False	True	True	1_c4	0_c3	1_c2	ImmuneWarm
C3N.01020	IFN-Gamma	True	True	True	3_c4	0_c3	1_c2	ImmuneHot
C3N.01021	TGF-Beta	True	True	True	1_c4	0_c3	1_c2	ImmuneWarm
C3N.01023	IFN-Gamma	True	True	True	3_c4	0_c3	1_c2	ImmuneHot
C3N.01024	Lymphocyte_Depleted	False	True	True	0_c4	1_c3	0_c2	ImmuneCool
C3N.01025	Wound_Healing	False	True	False	0_c4	1_c3	0_c2	ImmuneCool
C3N.01028	Wound_Healing	True	True	True	3_c4	0_c3	1_c2	ImmuneHot
C3N.01030	IFN-Gamma	True	True	True	3_c4	0_c3	1_c2	ImmuneHot
C3N.01071	IFN-Gamma	False	True	True	1_c4	0_c3	1_c2	ImmuneWarm
C3N.01072	IFN-Gamma	True	True	True	1_c4	0_c3	1_c2	ImmuneWarm
C3N.01074	Wound_Healing	False	True	True	0_c4	1_c3	0_c2	ImmuneCool
C3N.01165.T	IFN-Gamma	True	True	True	3_c4	0_c3	1_c2	ImmuneHot
C3N.01166.T	TGF-Beta	True	True	True	1_c4	0_c3	1_c2	ImmuneWarm
C3N.01167.T	IFN-Gamma	True	True	True	0_c4	1_c3	0_c2	ImmuneCool
C3N.01168.T	IFN-Gamma	True	True	True	3_c4	0_c3	1_c2	ImmuneHot
C3N.01175	Lymphocyte_Depleted	False	True	True	0_c4	1_c3	0_c2	ImmuneCool
C3N.01176	Inflammatory	True	True	True	1_c4	0_c3	1_c2	ImmuneWarm
C3N.01178	Inflammatory	True	True	True	3_c4	0_c3	1_c2	ImmuneHot
C3N.01179	Inflammatory	True	True	True	0_c4	1_c3	0_c2	ImmuneCool
C3N.01180	Lymphocyte_Depleted	False	True	False	0_c4	1_c3	0_c2	ImmuneCool
C3N.01192	Lymphocyte_Depleted	True	True	True	0_c4	1_c3	0_c2	ImmuneCool
C3N.01194	IFN-Gamma	True	True	True	3_c4	0_c3	1_c2	ImmuneHot
C3N.01196	Lymphocyte_Depleted	False	False	False	2_c4	2_c3	0_c2	ImmuneCold
C3N.01200	Lymphocyte_Depleted	True	True	True	1_c4	0_c3	1_c2	ImmuneWarm
C3N.01211.T	Wound_Healing	False	False	False	0_c4	1_c3	0_c2	ImmuneCool
C3N.01212.T	Wound_Healing	False	False	False	0_c4	1_c3	0_c2	ImmuneCool
C3N.01213	Inflammatory	True	True	True	1_c4	0_c3	1_c2	ImmuneWarm
C3N.01214	Inflammatory	True	True	True	3_c4	0_c3	1_c2	ImmuneHot
C3N.01217.T	Wound_Healing	False	False	False	0_c4	1_c3	0_c2	ImmuneCool
C3N.01219.T	IFN-Gamma	False	True	True	1_c4	0_c3	1_c2	ImmuneWarm
C3N.01220	Inflammatory	False	True	True	1_c4	0_c3	1_c2	ImmuneWarm
C3N.01261	Inflammatory	True	True	True	0_c4	1_c3	0_c2	ImmuneCool
C3N.01267.T	Inflammatory	False	False	False	0_c4	1_c3	0_c2	ImmuneCool
C3N.01334	Lymphocyte_Depleted	False	True	True	2_c4	2_c3	0_c2	ImmuneCold
C3N.01337	IFN-Gamma	False	True	True	1_c4	0_c3	1_c2	ImmuneWarm
C3N.01338	Wound_Healing	False	True	True	1_c4	0_c3	1_c2	ImmuneWarm
C3N.01339	Wound_Healing	False	False	False	0_c4	1_c3	0_c2	ImmuneCool
C3N.01340	IFN-Gamma	True	True	True	1_c4	0_c3	1_c2	ImmuneWarm
C3N.01346.T	IFN-Gamma	False	True	True	1_c4	0_c3	1_c2	ImmuneWarm
C3N.01349.T	IFN-Gamma	False	True	True	1_c4	0_c3	1_c2	ImmuneWarm
C3N.01361	Inflammatory	True	True	True	3_c4	0_c3	1_c2	ImmuneHot
C3N.01364	Lymphocyte_Depleted	True	True	True	0_c4	1_c3	0_c2	ImmuneCool
C3N.01366	Lymphocyte_Depleted	False	False	False	2_c4	2_c3	0_c2	ImmuneCold
C3N.01367	Lymphocyte_Depleted	False	True	True	0_c4	1_c3	0_c2	ImmuneCool
C3N.01368	Lymphocyte_Depleted	False	False	False	2_c4	2_c3	0_c2	ImmuneCold
C3N.01369	Lymphocyte_Depleted	True	True	True	0_c4	1_c3	0_c2	ImmuneCool
C3N.01375.T	IFN-Gamma	True	True	True	1_c4	0_c3	1_c2	ImmuneWarm
C3N.01380.T	Inflammatory	True	True	True	3_c4	0_c3	1_c2	ImmuneHot
C3N.01381.T	IFN-Gamma	True	True	True	0_c4	1_c3	0_c2	ImmuneCool
C3N.01382.T	IFN-Gamma	True	True	True	1_c4	0_c3	1_c2	ImmuneWarm
C3N.01383.T	TGF-Beta	True	True	True	1_c4	0_c3	1_c2	ImmuneWarm
C3N.01388.T	IFN-Gamma	True	True	True	1_c4	0_c3	1_c2	ImmuneWarm
C3N.01405	IFN-Gamma	False	True	True	3_c4	0_c3	1_c2	ImmuneHot
C3N.01410	Wound_Healing	True	True	True	1_c4	0_c3	1_c2	ImmuneWarm
C3N.01411	IFN-Gamma	False	True	True	1_c4	0_c3	1_c2	ImmuneWarm
C3N.01413	IFN-Gamma	True	True	True	3_c4	0_c3	1_c2	ImmuneHot
C3N.01414	Inflammatory	False	True	True	1_c4	0_c3	1_c2	ImmuneWarm
C3N.01415	IFN-Gamma	True	True	True	1_c4	0_c3	1_c2	ImmuneWarm
C3N.01416	IFN-Gamma	True	True	True	3_c4	0_c3	1_c2	ImmuneHot
C3N.01488	IFN-Gamma	True	True	True	3_c4	0_c3	1_c2	ImmuneHot
C3N.01489	Inflammatory	True	True	True	3_c4	0_c3	1_c2	ImmuneHot
C3N.01502.T	IFN-Gamma	True	True	True	3_c4	0_c3	1_c2	ImmuneHot
C3N.01505	Lymphocyte_Depleted	True	True	True	0_c4	1_c3	0_c2	ImmuneCool
C3N.01510.T	Wound_Healing	False	False	False	0_c4	1_c3	0_c2	ImmuneCool
C3N.01515	Lymphocyte_Depleted	False	True	True	0_c4	1_c3	0_c2	ImmuneCool
C3N.01517	Lymphocyte_Depleted	False	True	False	0_c4	1_c3	0_c2	ImmuneCool
C3N.01518	Lymphocyte_Depleted	True	True	True	0_c4	1_c3	0_c2	ImmuneCool
C3N.01520.T	Wound_Healing	False	True	False	0_c4	1_c3	0_c2	ImmuneCool
C3N.01521.T	IFN-Gamma	False	True	False	0_c4	1_c3	0_c2	ImmuneCool
C3N.01522	Lymphocyte_Depleted	False	True	True	0_c4	1_c3	0_c2	ImmuneCool
C3N.01524	Inflammatory	True	True	True	3_c4	0_c3	1_c2	ImmuneHot
C3N.01537.T	IFN-Gamma	False	True	True	3_c4	0_c3	1_c2	ImmuneHot
C3N.01620	IFN-Gamma	True	True	True	1_c4	0_c3	1_c2	ImmuneWarm
C3N.01643	Inflammatory	False	True	False	0_c4	1_c3	0_c2	ImmuneCool
C3N.01645	IFN-Gamma	True	True	True	3_c4	0_c3	1_c2	ImmuneHot
C3N.01646	Inflammatory	True	True	True	1_c4	0_c3	1_c2	ImmuneWarm
C3N.01648	Inflammatory	True	True	True	3_c4	0_c3	1_c2	ImmuneHot
C3N.01649	Lymphocyte_Depleted	True	True	True	1_c4	0_c3	1_c2	ImmuneWarm
C3N.01651	Inflammatory	True	True	True	1_c4	0_c3	1_c2	ImmuneWarm
C3N.01714.T	TGF-Beta	True	True	True	3_c4	0_c3	1_c2	ImmuneHot
C3N.01715.T	IFN-Gamma	True	True	True	3_c4	0_c3	1_c2	ImmuneHot
C3N.01716.T	TGF-Beta	True	True	True	1_c4	0_c3	1_c2	ImmuneWarm
C3N.01719.T	IFN-Gamma	True	True	True	3_c4	0_c3	1_c2	ImmuneHot
C3N.01752	IFN-Gamma	False	False	False	0_c4	1_c3	0_c2	ImmuneCool
C3N.01754	IFN-Gamma	True	True	True	0_c4	1_c3	0_c2	ImmuneCool
C3N.01755	IFN-Gamma	True	True	True	1_c4	0_c3	1_c2	ImmuneWarm
C3N.01756	Wound_Healing	False	False	False	0_c4	1_c3	0_c2	ImmuneCool
C3N.01757	IFN-Gamma	False	True	True	1_c4	0_c3	1_c2	ImmuneWarm
C3N.01758	IFN-Gamma	True	True	True	3_c4	0_c3	1_c2	ImmuneHot
C3N.01798	Lymphocyte_Depleted	False	True	True	0_c4	1_c3	0_c2	ImmuneCool
C3N.01799	Inflammatory	True	True	True	3_c4	0_c3	1_c2	ImmuneHot
C3N.01802.T	Wound_Healing	False	True	True	3_c4	0_c3	1_c2	ImmuneHot
C3N.01808	Inflammatory	True	True	True	0_c4	1_c3	0_c2	ImmuneCool
C3N.01814	Lymphocyte_Depleted	False	False	False	2_c4	2_c3	0_c2	ImmuneCold
C3N.01815	Lymphocyte_Depleted	True	True	True	0_c4	1_c3	0_c2	ImmuneCool
C3N.01816	Lymphocyte_Depleted	False	True	False	2_c4	2_c3	0_c2	ImmuneCold
C3N.01818	Lymphocyte_Depleted	False	True	False	2_c4	2_c3	0_c2	ImmuneCold
C3N.01823	IFN-Gamma	True	True	True	1_c4	0_c3	1_c2	ImmuneWarm
C3N.01825.T	Wound_Healing	True	True	True	1_c4	0_c3	1_c2	ImmuneWarm
C3N.01842	Wound_Healing	False	True	True	0_c4	1_c3	0_c2	ImmuneCool
C3N.01846	Wound_Healing	True	True	True	0_c4	1_c3	0_c2	ImmuneCool
C3N.01851	Lymphocyte_Depleted	True	True	True	0_c4	1_c3	0_c2	ImmuneCool
C3N.01852	Lymphocyte_Depleted	False	False	False	2_c4	2_c3	0_c2	ImmuneCold
C3N.01856	Lymphocyte_Depleted	False	True	True	0_c4	1_c3	0_c2	ImmuneCool
C3N.01857	Lymphocyte_Depleted	False	False	False	2_c4	2_c3	0_c2	ImmuneCold
C3N.01858	IFN-Gamma	False	True	True	1_c4	0_c3	1_c2	ImmuneWarm
C3N.01859	IFN-Gamma	False	True	True	3_c4	0_c3	1_c2	ImmuneHot
C3N.01892	Wound_Healing	True	True	True	3_c4	0_c3	1_c2	ImmuneHot
C3N.01893	TGF-Beta	True	True	True	3_c4	0_c3	1_c2	ImmuneHot
C3N.01943	IFN-Gamma	False	True	True	1_c4	0_c3	1_c2	ImmuneWarm
C3N.01944	IFN-Gamma	True	True	True	1_c4	0_c3	1_c2	ImmuneWarm
C3N.01945	IFN-Gamma	True	True	True	1_c4	0_c3	1_c2	ImmuneWarm
C3N.01946	IFN-Gamma	True	True	True	3_c4	0_c3	1_c2	ImmuneHot
C3N.01947	IFN-Gamma	True	True	True	3_c4	0_c3	1_c2	ImmuneHot
C3N.01948	IFN-Gamma	True	True	True	3_c4	0_c3	1_c2	ImmuneHot
C3N.01997.T	IFN-Gamma	True	True	True	1_c4	0_c3	1_c2	ImmuneWarm
C3N.01998.T	IFN-Gamma	True	True	True	3_c4	0_c3	1_c2	ImmuneHot
C3N.02000	IFN-Gamma	True	True	True	1_c4	0_c3	1_c2	ImmuneWarm
C3N.02002	Inflammatory	False	True	True	1_c4	0_c3	1_c2	ImmuneWarm
C3N.02003	IFN-Gamma	True	True	True	3_c4	0_c3	1_c2	ImmuneHot
C3N.02010.T	Wound_Healing	False	True	True	0_c4	1_c3	0_c2	ImmuneCool
C3N.02067	Lymphocyte_Depleted	False	True	True	1_c4	0_c3	1_c2	ImmuneWarm
C3N.02087	IFN-Gamma	True	True	True	3_c4	0_c3	1_c2	ImmuneHot
C3N.02089	IFN-Gamma	False	True	True	1_c4	0_c3	1_c2	ImmuneWarm
C3N.02145	TGF-Beta	True	True	True	1_c4	0_c3	1_c2	ImmuneWarm
C3N.02149	IFN-Gamma	True	True	True	1_c4	0_c3	1_c2	ImmuneWarm
C3N.02155	IFN-Gamma	False	True	False	0_c4	1_c3	0_c2	ImmuneCool
C3N.02158	IFN-Gamma	False	True	True	3_c4	0_c3	1_c2	ImmuneHot
C3N.02181	Lymphocyte_Depleted	True	True	True	0_c4	1_c3	0_c2	ImmuneCool
C3N.02183	Lymphocyte_Depleted	True	True	True	1_c4	0_c3	1_c2	ImmuneWarm
C3N.02185	Lymphocyte_Depleted	False	False	False	2_c4	2_c3	0_c2	ImmuneCold
C3N.02186	Lymphocyte_Depleted	False	True	False	2_c4	2_c3	0_c2	ImmuneCold
C3N.02188	Lymphocyte_Depleted	True	True	True	0_c4	1_c3	0_c2	ImmuneCool
C3N.02190	Lymphocyte_Depleted	True	True	True	0_c4	1_c3	0_c2	ImmuneCool
C3N.02252	IFN-Gamma	True	True	True	3_c4	0_c3	1_c2	ImmuneHot
C3N.02255	Lymphocyte_Depleted	False	False	False	2_c4	2_c3	0_c2	ImmuneCold
C3N.02256	Lymphocyte_Depleted	False	False	False	2_c4	2_c3	0_c2	ImmuneCold
C3N.02275	IFN-Gamma	True	True	True	3_c4	0_c3	1_c2	ImmuneHot
C3N.02279	IFN-Gamma	True	True	True	1_c4	0_c3	1_c2	ImmuneWarm
C3N.02283	Wound_Healing	False	False	False	2_c4	2_c3	0_c2	ImmuneCold
C3N.02284	Wound_Healing	False	False	False	0_c4	1_c3	0_c2	ImmuneCool
C3N.02285	Wound_Healing	True	True	True	1_c4	0_c3	1_c2	ImmuneWarm
C3N.02288	Wound_Healing	False	True	True	1_c4	0_c3	1_c2	ImmuneWarm
C3N.02289	Wound_Healing	True	True	True	3_c4	0_c3	1_c2	ImmuneHot
C3N.02295.T	Inflammatory	True	True	True	3_c4	0_c3	1_c2	ImmuneHot
C3N.02300	IFN-Gamma	True	True	True	1_c4	0_c3	1_c2	ImmuneWarm
C3N.02333	IFN-Gamma	True	True	True	3_c4	0_c3	1_c2	ImmuneHot
C3N.02339	Wound_Healing	True	True	True	1_c4	0_c3	1_c2	ImmuneWarm
C3N.02374	Wound_Healing	True	True	True	0_c4	1_c3	0_c2	ImmuneCool
C3N.02375	IFN-Gamma	False	True	False	1_c4	0_c3	1_c2	ImmuneWarm
C3N.02379	IFN-Gamma	True	True	True	3_c4	0_c3	1_c2	ImmuneHot
C3N.02380	Inflammatory	False	True	True	0_c4	1_c3	0_c2	ImmuneCool
C3N.02421	TGF-Beta	True	True	True	1_c4	0_c3	1_c2	ImmuneWarm
C3N.02422	Inflammatory	False	True	True	1_c4	0_c3	1_c2	ImmuneWarm
C3N.02423	IFN-Gamma	True	True	True	3_c4	0_c3	1_c2	ImmuneHot
C3N.02424	IFN-Gamma	True	True	True	3_c4	0_c3	1_c2	ImmuneHot
C3N.02425	IFN-Gamma	False	True	False	0_c4	1_c3	0_c2	ImmuneCool
C3N.02426	IFN-Gamma	True	True	True	3_c4	0_c3	1_c2	ImmuneHot
C3N.02433	Inflammatory	True	True	True	3_c4	0_c3	1_c2	ImmuneHot
C3N.02434	Wound_Healing	False	True	False	0_c4	1_c3	0_c2	ImmuneCool
C3N.02435	Wound_Healing	True	True	True	1_c4	0_c3	1_c2	ImmuneWarm
C3N.02494	IFN-Gamma	True	True	True	3_c4	0_c3	1_c2	ImmuneHot
C3N.02523	Wound_Healing	True	True	True	1_c4	0_c3	1_c2	ImmuneWarm
C3N.02529	IFN-Gamma	True	True	True	3_c4	0_c3	1_c2	ImmuneHot
C3N.02572	TGF-Beta	True	True	True	1_c4	0_c3	1_c2	ImmuneWarm
C3N.02573.T	IFN-Gamma	True	True	True	1_c4	0_c3	1_c2	ImmuneWarm
C3N.02575	Wound_Healing	False	False	False	0_c4	1_c3	0_c2	ImmuneCool
C3N.02579.T	Wound_Healing	True	True	True	0_c4	1_c3	0_c2	ImmuneCool
C3N.02582	IFN-Gamma	False	True	True	1_c4	0_c3	1_c2	ImmuneWarm
C3N.02585.T	IFN-Gamma	True	True	True	1_c4	0_c3	1_c2	ImmuneWarm
C3N.02586	Inflammatory	True	True	True	1_c4	0_c3	1_c2	ImmuneWarm
C3N.02587	Inflammatory	False	True	True	1_c4	0_c3	1_c2	ImmuneWarm
C3N.02588	IFN-Gamma	False	True	True	0_c4	1_c3	0_c2	ImmuneCool
C3N.02589.T	IFN-Gamma	True	True	True	1_c4	0_c3	1_c2	ImmuneWarm
C3N.02592.T	IFN-Gamma	True	True	True	3_c4	0_c3	1_c2	ImmuneHot
C3N.02675	IFN-Gamma	True	True	True	3_c4	0_c3	1_c2	ImmuneHot
C3N.02693	IFN-Gamma	False	True	True	1_c4	0_c3	1_c2	ImmuneWarm
C3N.02694	IFN-Gamma	True	True	True	3_c4	0_c3	1_c2	ImmuneHot
C3N.02695	IFN-Gamma	False	True	True	1_c4	0_c3	1_c2	ImmuneWarm
C3N.02700	IFN-Gamma	False	True	True	3_c4	0_c3	1_c2	ImmuneHot
C3N.02713	Wound_Healing	False	True	False	0_c4	1_c3	0_c2	ImmuneCool
C3N.02714	IFN-Gamma	True	True	True	3_c4	0_c3	1_c2	ImmuneHot
C3N.02716	IFN-Gamma	True	True	True	3_c4	0_c3	1_c2	ImmuneHot
C3N.02727	IFN-Gamma	True	True	True	3_c4	0_c3	1_c2	ImmuneHot
C3N.02729	Inflammatory	True	True	True	0_c4	1_c3	0_c2	ImmuneCool
C3N.02730	IFN-Gamma	True	True	True	3_c4	0_c3	1_c2	ImmuneHot
C3N.02768.T	IFN-Gamma	True	True	True	1_c4	0_c3	1_c2	ImmuneWarm
C3N.02769	Lymphocyte_Depleted	False	True	True	0_c4	1_c3	0_c2	ImmuneCool
C3N.02770	Lymphocyte_Depleted	False	False	False	2_c4	2_c3	0_c2	ImmuneCold
C3N.02782	Lymphocyte_Depleted	False	False	False	2_c4	2_c3	0_c2	ImmuneCold
C3N.02783	Lymphocyte_Depleted	False	True	True	0_c4	1_c3	0_c2	ImmuneCool
C3N.02784	Lymphocyte_Depleted	False	True	True	0_c4	1_c3	0_c2	ImmuneCool
C3N.02785	Lymphocyte_Depleted	False	True	False	0_c4	1_c3	0_c2	ImmuneCool
C3N.02786	Lymphocyte_Depleted	False	True	True	0_c4	1_c3	0_c2	ImmuneCool
C3N.02788	Lymphocyte_Depleted	False	True	True	2_c4	2_c3	0_c2	ImmuneCold
C3N.02925	IFN-Gamma	True	True	True	3_c4	0_c3	1_c2	ImmuneHot
C3N.02940.T	IFN-Gamma	True	True	True	3_c4	0_c3	1_c2	ImmuneHot
C3N.02944.T	IFN-Gamma	True	True	True	3_c4	0_c3	1_c2	ImmuneHot
C3N.02971.T	TGF-Beta	True	True	True	3_c4	0_c3	1_c2	ImmuneHot
C3N.02998.T	IFN-Gamma	True	True	True	3_c4	0_c3	1_c2	ImmuneHot
C3N.03000.T	TGF-Beta	True	True	True	0_c4	1_c3	0_c2	ImmuneCool
C3N.03006.T	IFN-Gamma	True	True	True	1_c4	0_c3	1_c2	ImmuneWarm
C3N.03007.T	TGF-Beta	True	True	True	1_c4	0_c3	1_c2	ImmuneWarm
C3N.03008	Wound_Healing	True	True	True	1_c4	0_c3	1_c2	ImmuneWarm
C3N.03009	Wound_Healing	True	True	True	0_c4	1_c3	0_c2	ImmuneCool
C3N.03011	IFN-Gamma	False	True	True	1_c4	0_c3	1_c2	ImmuneWarm
C3N.03012	IFN-Gamma	True	False	True	0_c4	1_c3	0_c2	ImmuneCool
C3N.03013	Wound_Healing	True	True	True	3_c4	0_c3	1_c2	ImmuneHot
C3N.03015	IFN-Gamma	True	True	True	3_c4	0_c3	1_c2	ImmuneHot
C3N.03027	IFN-Gamma	False	True	True	1_c4	0_c3	1_c2	ImmuneWarm
C3N.03028	IFN-Gamma	True	True	True	3_c4	0_c3	1_c2	ImmuneHot
C3N.03039.T	IFN-Gamma	True	True	True	0_c4	1_c3	0_c2	ImmuneCool
C3N.03042	Wound_Healing	True	True	True	0_c4	1_c3	0_c2	ImmuneCool
C3N.03045	IFN-Gamma	False	True	False	1_c4	0_c3	1_c2	ImmuneWarm
C3N.03051	IFN-Gamma	False	True	True	1_c4	0_c3	1_c2	ImmuneWarm
C3N.03061.T	IFN-Gamma	True	True	True	1_c4	0_c3	1_c2	ImmuneWarm
C3N.03069.T	TGF-Beta	True	True	True	0_c4	1_c3	0_c2	ImmuneCool
C3N.03070	Lymphocyte_Depleted	False	True	False	2_c4	2_c3	0_c2	ImmuneCold
C3N.03072	IFN-Gamma	True	True	True	0_c4	1_c3	0_c2	ImmuneCool
C3N.03076	Wound_Healing	True	True	True	1_c4	0_c3	1_c2	ImmuneWarm
C3N.03086.T	Inflammatory	True	True	True	1_c4	0_c3	1_c2	ImmuneWarm
C3N.03088	Lymphocyte_Depleted	True	True	True	0_c4	1_c3	0_c2	ImmuneCool
C3N.03092	IFN-Gamma	True	True	True	3_c4	0_c3	1_c2	ImmuneHot
C3N.03093	IFN-Gamma	True	True	True	3_c4	0_c3	1_c2	ImmuneHot
C3N.03173.T	IFN-Gamma	True	True	True	1_c4	0_c3	1_c2	ImmuneWarm
C3N.03180	Lymphocyte_Depleted	True	True	True	0_c4	1_c3	0_c2	ImmuneCool
C3N.03182	Lymphocyte_Depleted	False	True	True	0_c4	1_c3	0_c2	ImmuneCool
C3N.03183	Lymphocyte_Depleted	True	True	True	0_c4	1_c3	0_c2	ImmuneCool
C3N.03184	Lymphocyte_Depleted	False	False	False	2_c4	2_c3	0_c2	ImmuneCold
C3N.03186	Lymphocyte_Depleted	False	True	True	0_c4	1_c3	0_c2	ImmuneCool
C3N.03188	Lymphocyte_Depleted	False	False	False	2_c4	2_c3	0_c2	ImmuneCold
C3N.03190.T	TGF-Beta	True	True	True	1_c4	0_c3	1_c2	ImmuneWarm
C3N.03204	IFN-Gamma	False	True	False	0_c4	1_c3	0_c2	ImmuneCool
C3N.03211.T	Inflammatory	True	True	True	1_c4	0_c3	1_c2	ImmuneWarm
C3N.03226	IFN-Gamma	True	True	True	3_c4	0_c3	1_c2	ImmuneHot
C3N.03424	IFN-Gamma	True	True	True	3_c4	0_c3	1_c2	ImmuneHot
C3N.03425	IFN-Gamma	False	True	True	1_c4	0_c3	1_c2	ImmuneWarm
C3N.03426.T	IFN-Gamma	True	True	True	3_c4	0_c3	1_c2	ImmuneHot
C3N.03428.T	IFN-Gamma	True	True	True	3_c4	0_c3	1_c2	ImmuneHot
C3N.03430.T	IFN-Gamma	True	True	True	1_c4	0_c3	1_c2	ImmuneWarm
C3N.03433	IFN-Gamma	True	True	True	1_c4	0_c3	1_c2	ImmuneWarm
C3N.03439.T	Inflammatory	True	True	True	3_c4	0_c3	1_c2	ImmuneHot
C3N.03440.T	IFN-Gamma	True	True	True	1_c4	0_c3	1_c2	ImmuneWarm
C3N.03441	TGF-Beta	True	True	True	3_c4	0_c3	1_c2	ImmuneHot
C3N.03456	IFN-Gamma	True	True	True	0_c4	1_c3	0_c2	ImmuneCool
C3N.03457	IFN-Gamma	True	True	True	3_c4	0_c3	1_c2	ImmuneHot
C3N.03458	IFN-Gamma	False	True	True	1_c4	0_c3	1_c2	ImmuneWarm
C3N.03473	Lymphocyte_Depleted	False	False	False	2_c4	2_c3	0_c2	ImmuneCold
C3N.03486	IFN-Gamma	False	True	True	3_c4	0_c3	1_c2	ImmuneHot
C3N.03487	IFN-Gamma	True	True	True	3_c4	0_c3	1_c2	ImmuneHot
C3N.03488	Wound_Healing	True	True	True	0_c4	1_c3	0_c2	ImmuneCool
C3N.03490	IFN-Gamma	True	True	True	0_c4	1_c3	0_c2	ImmuneCool
C3N.03612	IFN-Gamma	True	True	True	3_c4	0_c3	1_c2	ImmuneHot
C3N.03619	IFN-Gamma	True	True	True	1_c4	0_c3	1_c2	ImmuneWarm
C3N.03620	IFN-Gamma	True	True	True	3_c4	0_c3	1_c2	ImmuneHot
C3N.03662	Wound_Healing	True	True	True	0_c4	1_c3	0_c2	ImmuneCool
C3N.03664	IFN-Gamma	True	True	True	1_c4	0_c3	1_c2	ImmuneWarm
C3N.03665.T	IFN-Gamma	True	True	True	1_c4	0_c3	1_c2	ImmuneWarm
C3N.03666.T	TGF-Beta	True	True	True	0_c4	1_c3	0_c2	ImmuneCool
C3N.03670.T	IFN-Gamma	True	True	True	3_c4	0_c3	1_c2	ImmuneHot
C3N.03754.T	IFN-Gamma	True	True	True	0_c4	1_c3	0_c2	ImmuneCool
C3N.03780.T	TGF-Beta	True	True	True	1_c4	0_c3	1_c2	ImmuneWarm
C3N.03781	IFN-Gamma	True	True	True	1_c4	0_c3	1_c2	ImmuneWarm
C3N.03782	IFN-Gamma	False	False	False	0_c4	1_c3	0_c2	ImmuneCool
C3N.03783	IFN-Gamma	True	True	True	3_c4	0_c3	1_c2	ImmuneHot
C3N.03785	Wound_Healing	False	False	False	0_c4	1_c3	0_c2	ImmuneCool
C3N.03837	IFN-Gamma	False	True	True	3_c4	0_c3	1_c2	ImmuneHot
C3N.03839.T	IFN-Gamma	True	True	True	1_c4	0_c3	1_c2	ImmuneWarm
C3N.03840.T	IFN-Gamma	True	True	True	1_c4	0_c3	1_c2	ImmuneWarm
C3N.03841	IFN-Gamma	True	True	True	3_c4	0_c3	1_c2	ImmuneHot
C3N.03848	TGF-Beta	True	True	True	3_c4	0_c3	1_c2	ImmuneHot
C3N.03849	IFN-Gamma	False	True	True	1_c4	0_c3	1_c2	ImmuneWarm
C3N.03851	IFN-Gamma	False	True	True	0_c4	1_c3	0_c2	ImmuneCool
C3N.03853.T	TGF-Beta	True	True	True	1_c4	0_c3	1_c2	ImmuneWarm
C3N.03875	IFN-Gamma	False	True	True	1_c4	0_c3	1_c2	ImmuneWarm
C3N.03876	Wound_Healing	False	True	True	0_c4	1_c3	0_c2	ImmuneCool
C3N.03877	Wound_Healing	False	True	False	0_c4	1_c3	0_c2	ImmuneCool
C3N.03878	IFN-Gamma	True	True	True	1_c4	0_c3	1_c2	ImmuneWarm
C3N.03880	IFN-Gamma	True	True	True	3_c4	0_c3	1_c2	ImmuneHot
C3N.03882	IFN-Gamma	False	False	False	0_c4	1_c3	0_c2	ImmuneCool
C3N.03884.T	IFN-Gamma	True	True	True	1_c4	0_c3	1_c2	ImmuneWarm
C3N.03886	Wound_Healing	False	False	False	0_c4	1_c3	0_c2	ImmuneCool
C3N.03888	IFN-Gamma	False	True	True	1_c4	0_c3	1_c2	ImmuneWarm
C3N.03889	TGF-Beta	True	True	True	1_c4	0_c3	1_c2	ImmuneWarm
C3N.03928	IFN-Gamma	True	True	True	3_c4	0_c3	1_c2	ImmuneHot
C3N.03933	IFN-Gamma	True	True	True	3_c4	0_c3	1_c2	ImmuneHot
C3N.04119.T	TGF-Beta	True	True	True	0_c4	1_c3	0_c2	ImmuneCool
C3N.04124	IFN-Gamma	True	True	True	1_c4	0_c3	1_c2	ImmuneWarm
C3N.04126.T	IFN-Gamma	True	True	True	3_c4	0_c3	1_c2	ImmuneHot
C3N.04127	Wound_Healing	True	True	True	3_c4	0_c3	1_c2	ImmuneHot
C3N.04152	IFN-Gamma	False	False	False	0_c4	1_c3	0_c2	ImmuneCool
C3N.04155	Wound_Healing	False	False	False	0_c4	1_c3	0_c2	ImmuneCool
C3N.04162	IFN-Gamma	False	True	False	0_c4	1_c3	0_c2	ImmuneCool
C3N.04273	IFN-Gamma	False	False	False	0_c4	1_c3	0_c2	ImmuneCool
C3N.04275	IFN-Gamma	True	True	True	3_c4	0_c3	1_c2	ImmuneHot
C3N.04276	IFN-Gamma	True	True	True	0_c4	1_c3	0_c2	ImmuneCool
C3N.04277	IFN-Gamma	True	True	True	3_c4	0_c3	1_c2	ImmuneHot
C3N.04278	Wound_Healing	True	True	True	1_c4	0_c3	1_c2	ImmuneWarm
C3N.04279	IFN-Gamma	False	True	False	0_c4	1_c3	0_c2	ImmuneCool
C3N.04280	IFN-Gamma	False	True	False	0_c4	1_c3	0_c2	ImmuneCool
C3N.04282.T	TGF-Beta	True	True	True	0_c4	1_c3	0_c2	ImmuneCool
C3N.04283.T	IFN-Gamma	True	True	True	0_c4	1_c3	0_c2	ImmuneCool
C3N.04284.T	Lymphocyte_Depleted	True	True	True	0_c4	1_c3	0_c2	ImmuneCool
C3N.04611	IFN-Gamma	True	True	True	3_c4	0_c3	1_c2	ImmuneHot
CPT000814	IFN-Gamma	False	True	False	0_c4	1_c3	0_c2	ImmuneCool
CPT001846	Lymphocyte_Depleted	True	True	True	0_c4	1_c3	0_c2	ImmuneCool
MB088_SHH	Lymphocyte_Depleted	False	False	False	2_c4	2_c3	0_c2	ImmuneCold
MB091_GR4	Lymphocyte_Depleted	False	False	False	2_c4	2_c3	0_c2	ImmuneCold
MB095_GR3	Lymphocyte_Depleted	False	False	False	2_c4	2_c3	0_c2	ImmuneCold
MB099_GR4	Lymphocyte_Depleted	False	False	False	2_c4	2_c3	0_c2	ImmuneCold
MB102_SHH	Lymphocyte_Depleted	False	False	False	2_c4	2_c3	0_c2	ImmuneCold
MB104_SHH	Lymphocyte_Depleted	False	False	False	2_c4	2_c3	0_c2	ImmuneCold
MB106_GR3	Lymphocyte_Depleted	False	False	False	2_c4	2_c3	0_c2	ImmuneCold
MB118_GR4	Immunologically_Quiet	False	False	False	2_c4	2_c3	0_c2	ImmuneCold
MB136_SHH	Lymphocyte_Depleted	False	False	False	2_c4	2_c3	0_c2	ImmuneCold
MB164_GR3	Lymphocyte_Depleted	False	False	False	2_c4	2_c3	0_c2	ImmuneCold
MB166_GR3	Lymphocyte_Depleted	False	False	False	2_c4	2_c3	0_c2	ImmuneCold
MB170_GR3	Lymphocyte_Depleted	False	False	False	2_c4	2_c3	0_c2	ImmuneCold
MB174_GR4	Lymphocyte_Depleted	False	False	False	2_c4	2_c3	0_c2	ImmuneCold
MB177_GR4	Lymphocyte_Depleted	False	False	False	2_c4	2_c3	0_c2	ImmuneCold
MB199_GR4	Lymphocyte_Depleted	False	False	False	2_c4	2_c3	0_c2	ImmuneCold
MB206_SHH	Lymphocyte_Depleted	False	False	False	2_c4	2_c3	0_c2	ImmuneCold
MB226_GR3	Lymphocyte_Depleted	False	False	False	2_c4	2_c3	0_c2	ImmuneCold
MB227_GR4	Lymphocyte_Depleted	False	False	False	2_c4	2_c3	0_c2	ImmuneCold
MB234_SHH	Lymphocyte_Depleted	False	False	False	2_c4	2_c3	0_c2	ImmuneCold
MB239_SHH	Lymphocyte_Depleted	False	False	False	2_c4	2_c3	0_c2	ImmuneCold
MB244_SHH	Lymphocyte_Depleted	False	False	False	2_c4	2_c3	0_c2	ImmuneCold
MB247_GR3	Lymphocyte_Depleted	False	False	False	2_c4	2_c3	0_c2	ImmuneCold
MB248_GR3	Lymphocyte_Depleted	False	False	False	2_c4	2_c3	0_c2	ImmuneCold
MB260_GR3	Lymphocyte_Depleted	False	False	False	2_c4	2_c3	0_c2	ImmuneCold
MB264_GR4	Lymphocyte_Depleted	False	False	False	2_c4	2_c3	0_c2	ImmuneCold
MB265_GR4	Lymphocyte_Depleted	False	False	False	2_c4	2_c3	0_c2	ImmuneCold
MB266_SHH	Inflammatory	False	False	False	2_c4	2_c3	0_c2	ImmuneCold
MB268_SHH	Lymphocyte_Depleted	False	False	False	2_c4	2_c3	0_c2	ImmuneCold
MB269_GR4	Lymphocyte_Depleted	False	False	False	2_c4	2_c3	0_c2	ImmuneCold
MB270_GR4	Lymphocyte_Depleted	False	False	False	2_c4	2_c3	0_c2	ImmuneCold
MB271_GR3	Lymphocyte_Depleted	False	False	False	2_c4	2_c3	0_c2	ImmuneCold
MB274_SHH	Lymphocyte_Depleted	False	False	False	2_c4	2_c3	0_c2	ImmuneCold
MB275_SHH	Lymphocyte_Depleted	False	False	False	2_c4	2_c3	0_c2	ImmuneCold
MB277_GR3	Lymphocyte_Depleted	False	False	False	2_c4	2_c3	0_c2	ImmuneCold
MB278_GR3	Lymphocyte_Depleted	False	False	False	2_c4	2_c3	0_c2	ImmuneCold
MB281_GR4	Lymphocyte_Depleted	False	False	False	2_c4	2_c3	0_c2	ImmuneCold
MB284_SHH	Lymphocyte_Depleted	False	False	False	2_c4	2_c3	0_c2	ImmuneCold
MB287_SHH	Lymphocyte_Depleted	False	False	False	2_c4	2_c3	0_c2	ImmuneCold
MB288_GR4	Lymphocyte_Depleted	False	False	False	2_c4	2_c3	0_c2	ImmuneCold
X01BR001	Inflammatory	False	True	False	0_c4	1_c3	0_c2	ImmuneCool
X01BR008	IFN-Gamma	False	True	True	3_c4	0_c3	1_c2	ImmuneHot
X01BR009	Inflammatory	True	True	True	1_c4	0_c3	1_c2	ImmuneWarm
X01BR010	Wound_Healing	True	False	True	0_c4	1_c3	0_c2	ImmuneCool
X01BR015	TGF-Beta	True	True	True	0_c4	1_c3	0_c2	ImmuneCool
X01BR017	IFN-Gamma	True	True	True	3_c4	0_c3	1_c2	ImmuneHot
X01BR018	TGF-Beta	True	True	True	3_c4	0_c3	1_c2	ImmuneHot
X01BR020	IFN-Gamma	True	True	True	1_c4	0_c3	1_c2	ImmuneWarm
X01BR023	Lymphocyte_Depleted	False	False	False	2_c4	2_c3	0_c2	ImmuneCold
X01BR025	Inflammatory	False	True	False	0_c4	1_c3	0_c2	ImmuneCool
X01BR026	IFN-Gamma	True	True	True	3_c4	0_c3	1_c2	ImmuneHot
X01BR027	Lymphocyte_Depleted	False	True	False	0_c4	1_c3	0_c2	ImmuneCool
X01BR030	Inflammatory	True	True	True	3_c4	0_c3	1_c2	ImmuneHot
X01BR031	Lymphocyte_Depleted	True	True	True	0_c4	1_c3	0_c2	ImmuneCool
X01BR032	Lymphocyte_Depleted	False	False	False	2_c4	2_c3	0_c2	ImmuneCold
X01BR033	TGF-Beta	True	True	True	1_c4	0_c3	1_c2	ImmuneWarm
X01BR040	IFN-Gamma	True	True	True	3_c4	0_c3	1_c2	ImmuneHot
X01BR042	IFN-Gamma	False	True	True	1_c4	0_c3	1_c2	ImmuneWarm
X01BR043	IFN-Gamma	False	True	True	3_c4	0_c3	1_c2	ImmuneHot
X03BR002	Inflammatory	True	True	True	0_c4	1_c3	0_c2	ImmuneCool
X03BR004	Lymphocyte_Depleted	True	True	True	0_c4	1_c3	0_c2	ImmuneCool
X03BR005	Inflammatory	True	True	True	0_c4	1_c3	0_c2	ImmuneCool
X03BR006	Wound_Healing	False	True	True	0_c4	1_c3	0_c2	ImmuneCool
X03BR010	Lymphocyte_Depleted	False	False	False	0_c4	1_c3	0_c2	ImmuneCool
X03BR013	Inflammatory	True	True	True	1_c4	0_c3	1_c2	ImmuneWarm
X05BR001	TGF-Beta	True	True	True	3_c4	0_c3	1_c2	ImmuneHot
X05BR003	TGF-Beta	True	True	True	0_c4	1_c3	0_c2	ImmuneCool
X05BR004	Inflammatory	True	True	True	0_c4	1_c3	0_c2	ImmuneCool
X05BR005	TGF-Beta	True	True	True	2_c4	2_c3	0_c2	ImmuneCold
X05BR009	Inflammatory	True	True	True	1_c4	0_c3	1_c2	ImmuneWarm
X05BR016	Inflammatory	False	False	False	0_c4	1_c3	0_c2	ImmuneCool
X05BR026	TGF-Beta	True	True	True	1_c4	0_c3	1_c2	ImmuneWarm
X05BR029	IFN-Gamma	False	True	False	1_c4	0_c3	1_c2	ImmuneWarm
X05BR038	IFN-Gamma	True	True	True	0_c4	1_c3	0_c2	ImmuneCool
X05BR042	IFN-Gamma	False	True	True	1_c4	0_c3	1_c2	ImmuneWarm
X05BR043	IFN-Gamma	True	True	True	1_c4	0_c3	1_c2	ImmuneWarm
X05BR044	Inflammatory	False	True	True	0_c4	1_c3	0_c2	ImmuneCool
X05BR045	Wound_Healing	False	True	True	0_c4	1_c3	0_c2	ImmuneCool
X06BR003	TGF-Beta	True	True	True	1_c4	0_c3	1_c2	ImmuneWarm
X06BR005	TGF-Beta	True	True	True	1_c4	0_c3	1_c2	ImmuneWarm
X06BR006	Inflammatory	True	True	True	1_c4	0_c3	1_c2	ImmuneWarm
X06BR014	Inflammatory	False	False	False	0_c4	1_c3	0_c2	ImmuneCool
X09BR001	Lymphocyte_Depleted	False	True	False	2_c4	2_c3	0_c2	ImmuneCold
X09BR004	Inflammatory	False	False	False	2_c4	2_c3	0_c2	ImmuneCold
X09BR005	Wound_Healing	True	False	True	2_c4	2_c3	0_c2	ImmuneCold
X09BR007	TGF-Beta	True	True	True	1_c4	0_c3	1_c2	ImmuneWarm
X11BR003	IFN-Gamma	True	True	True	3_c4	0_c3	1_c2	ImmuneHot
X11BR004	IFN-Gamma	True	True	True	3_c4	0_c3	1_c2	ImmuneHot
X11BR006	Lymphocyte_Depleted	True	True	True	0_c4	1_c3	0_c2	ImmuneCool
X11BR009	IFN-Gamma	False	True	True	1_c4	0_c3	1_c2	ImmuneWarm
X11BR010	IFN-Gamma	True	True	True	1_c4	0_c3	1_c2	ImmuneWarm
X11BR011	IFN-Gamma	True	True	True	3_c4	0_c3	1_c2	ImmuneHot
X11BR012	IFN-Gamma	True	True	True	0_c4	1_c3	0_c2	ImmuneCool
X11BR013	Lymphocyte_Depleted	False	True	False	0_c4	1_c3	0_c2	ImmuneCool
X11BR014	Inflammatory	True	True	True	1_c4	0_c3	1_c2	ImmuneWarm
X11BR015	Inflammatory	False	False	False	0_c4	1_c3	0_c2	ImmuneCool
X11BR016	IFN-Gamma	False	True	True	3_c4	0_c3	1_c2	ImmuneHot
X11BR017	IFN-Gamma	True	True	True	3_c4	0_c3	1_c2	ImmuneHot
X11BR018	Inflammatory	True	True	True	3_c4	0_c3	1_c2	ImmuneHot
X11BR019	Inflammatory	False	False	False	2_c4	2_c3	0_c2	ImmuneCold
X11BR020	IFN-Gamma	True	True	True	3_c4	0_c3	1_c2	ImmuneHot
X11BR022	IFN-Gamma	True	True	True	0_c4	1_c3	0_c2	ImmuneCool
X11BR023	IFN-Gamma	True	True	True	3_c4	0_c3	1_c2	ImmuneHot
X11BR024	IFN-Gamma	False	True	True	3_c4	0_c3	1_c2	ImmuneHot
X11BR025	IFN-Gamma	False	True	True	1_c4	0_c3	1_c2	ImmuneWarm
X11BR027	Lymphocyte_Depleted	True	True	True	0_c4	1_c3	0_c2	ImmuneCool
X11BR028	Lymphocyte_Depleted	True	True	True	0_c4	1_c3	0_c2	ImmuneCool
X11BR030	IFN-Gamma	True	True	True	3_c4	0_c3	1_c2	ImmuneHot
X11BR031	IFN-Gamma	True	True	True	1_c4	0_c3	1_c2	ImmuneWarm
X11BR032	TGF-Beta	True	True	True	1_c4	0_c3	1_c2	ImmuneWarm
X11BR036	Lymphocyte_Depleted	False	False	False	2_c4	2_c3	0_c2	ImmuneCold
X11BR038	Inflammatory	True	True	True	3_c4	0_c3	1_c2	ImmuneHot
X11BR040	Inflammatory	True	True	True	0_c4	1_c3	0_c2	ImmuneCool
X11BR042	Wound_Healing	True	True	True	0_c4	1_c3	0_c2	ImmuneCool
X11BR043	IFN-Gamma	True	True	True	3_c4	0_c3	1_c2	ImmuneHot
X11BR044	IFN-Gamma	True	True	True	1_c4	0_c3	1_c2	ImmuneWarm
X11BR047	IFN-Gamma	True	True	True	0_c4	1_c3	0_c2	ImmuneCool
X11BR049	IFN-Gamma	True	True	True	1_c4	0_c3	1_c2	ImmuneWarm
X11BR050	TGF-Beta	True	True	True	1_c4	0_c3	1_c2	ImmuneWarm
X11BR051	IFN-Gamma	True	True	True	0_c4	1_c3	0_c2	ImmuneCool
X11BR053	Lymphocyte_Depleted	False	False	False	2_c4	2_c3	0_c2	ImmuneCold
X11BR054	Lymphocyte_Depleted	False	False	False	0_c4	1_c3	0_c2	ImmuneCool
X11BR055	TGF-Beta	True	True	True	0_c4	1_c3	0_c2	ImmuneCool
X11BR056	Inflammatory	True	True	True	1_c4	0_c3	1_c2	ImmuneWarm
X11BR058	TGF-Beta	True	True	True	0_c4	1_c3	0_c2	ImmuneCool
X11BR059	Inflammatory	True	True	True	1_c4	0_c3	1_c2	ImmuneWarm
X11BR060	IFN-Gamma	True	True	True	0_c4	1_c3	0_c2	ImmuneCool
X11BR072	Inflammatory	True	True	True	1_c4	0_c3	1_c2	ImmuneWarm
X11BR073	Inflammatory	True	True	True	3_c4	0_c3	1_c2	ImmuneHot
X11BR074	TGF-Beta	True	True	True	0_c4	1_c3	0_c2	ImmuneCool
X11BR075	IFN-Gamma	True	True	True	0_c4	1_c3	0_c2	ImmuneCool
X11BR080	IFN-Gamma	True	True	True	3_c4	0_c3	1_c2	ImmuneHot
X11LU013	IFN-Gamma	True	True	True	1_c4	0_c3	1_c2	ImmuneWarm
X11LU016	IFN-Gamma	True	True	True	3_c4	0_c3	1_c2	ImmuneHot
X11LU022	IFN-Gamma	True	True	True	1_c4	0_c3	1_c2	ImmuneWarm
X11LU035	Lymphocyte_Depleted	True	True	True	1_c4	0_c3	1_c2	ImmuneWarm
X13BR009	IFN-Gamma	False	True	False	0_c4	1_c3	0_c2	ImmuneCool
X14BR005	Lymphocyte_Depleted	False	True	False	0_c4	1_c3	0_c2	ImmuneCool
X14BR008	Inflammatory	True	True	True	0_c4	1_c3	0_c2	ImmuneCool
X14BR014	TGF-Beta	True	True	True	0_c4	1_c3	0_c2	ImmuneCool
X15BR003	Inflammatory	True	True	True	1_c4	0_c3	1_c2	ImmuneWarm
X16BR012	Wound_Healing	True	True	True	0_c4	1_c3	0_c2	ImmuneCool
X18BR002	TGF-Beta	True	True	True	1_c4	0_c3	1_c2	ImmuneWarm
X18BR003	IFN-Gamma	False	True	True	3_c4	0_c3	1_c2	ImmuneHot
X18BR004	Lymphocyte_Depleted	False	False	False	2_c4	2_c3	0_c2	ImmuneCold
X18BR006	TGF-Beta	True	True	True	0_c4	1_c3	0_c2	ImmuneCool
X18BR007	TGF-Beta	True	True	True	1_c4	0_c3	1_c2	ImmuneWarm
X18BR009	Inflammatory	True	True	True	3_c4	0_c3	1_c2	ImmuneHot
X18BR010	TGF-Beta	True	True	True	0_c4	1_c3	0_c2	ImmuneCool
X18BR016	Inflammatory	True	True	True	0_c4	1_c3	0_c2	ImmuneCool
X18BR017	TGF-Beta	True	True	True	1_c4	0_c3	1_c2	ImmuneWarm
X18BR019	Inflammatory	True	True	True	0_c4	1_c3	0_c2	ImmuneCool
X20BR001	Lymphocyte_Depleted	True	True	True	0_c4	1_c3	0_c2	ImmuneCool
X20BR002	Lymphocyte_Depleted	True	True	True	0_c4	1_c3	0_c2	ImmuneCool
X20BR005	Lymphocyte_Depleted	True	True	True	0_c4	1_c3	0_c2	ImmuneCool
X20BR006	Lymphocyte_Depleted	True	True	True	0_c4	1_c3	0_c2	ImmuneCool
X20BR007	Lymphocyte_Depleted	True	True	True	1_c4	0_c3	1_c2	ImmuneWarm
X20BR008	Lymphocyte_Depleted	True	True	True	0_c4	1_c3	0_c2	ImmuneCool
X21BR001	IFN-Gamma	True	True	True	3_c4	0_c3	1_c2	ImmuneHot
X21BR002	TGF-Beta	True	True	True	1_c4	0_c3	1_c2	ImmuneWarm
X21BR010	Lymphocyte_Depleted	True	True	True	2_c4	2_c3	0_c2	ImmuneCold
X22BR005	IFN-Gamma	True	True	True	1_c4	0_c3	1_c2	ImmuneWarm
X22BR006	Inflammatory	True	True	True	1_c4	0_c3	1_c2	ImmuneWarm
